,titolo_agoda,prezzo_agoda,indirizzo_agoda,città_agoda,numero_recensioni_agoda,valutazione_agoda
0,hotel valentino,258,"terni, terni",Terni,2.0,4.0
1,garden hotel terni,138,"terni, terni",Terni,505.0,4.0
2,hotel michelangelo palace spa,174,"terni, terni",Terni,718.0,4.0
3,classic hotel tulipano,98,"terni, terni",Terni,453.0,3.0
4,de hotel paris,69,"terni, terni",Terni,11.0,3.0
5,bb cospea,55,"terni, terni",Terni,1.0,3.0
6,resort spa vallantica,206,"san gemini, san gemini",San Gemini,263.0,4.0
7,hotel narnia,74,"narni, narni",Narni,6.0,3.0
8,agriturismo filippi tenuta,123,"narni, narni",Narni,254.0,3.0
9,anita narni nonna palace,190,"narni, narni",Narni,1.0,4.0
10,casa nel verde,59,"terni, terni",Terni,142.0,4.0
11,appartamentino colorato e fresco in narni scalo,73,"narni, narni",Narni,20.0,3.0
12,asso ospedale residence,89,"terni, terni",Terni,1.0,3.0
13,alma blu con parcheggio richiesta su,245,"narni, narni",Narni,2.0,3.0
14,colonne tre,76,"terni, terni",Terni,18.0,3.0
15,hotel terra umbra,159,"narni, narni",Narni,1.0,4.0
16,a appartamento girasole il terni umbria,104,"terni, terni",Terni,132.0,4.0
17,home welcome,87,"terni, terni",Terni,56.0,4.0
18,bb dolce nera,80,"narni, narni",Narni,195.0,3.0
19,acqua marmore,125,"terni, terni",Terni,81.0,4.0
20,bice house,144,"terni, terni",Terni,19.0,5.0
21,asso centro residence,81,"terni, terni",Terni,1.0,3.0
22,appena appena casa casa centralissima centralissimo delizioso fuori fuori libero parc parcheggio piano posizione superservita superservito susanna susanna terra tranquilla tranquillo ztl ztl,310,"terni, terni",Terni,44.0,4.0
23,federico hotel ii,159,"terni, terni",Terni,1.0,3.0
24,and bed breakfast san valentino,99,"terni, terni",Terni,48.0,3.0
25,narniumbria,73,"narni, narni",Narni,23.0,3.0
26,angolo bb verde,69,"terni, terni",Terni,1.0,3.0
27,white,67,"terni, terni",Terni,223.0,3.0
28,authentic by nature surrounded villa,110,"terni, terni",Terni,91.0,5.0
29,esperienze gemini grand hotel i san una,196,"san gemini, san gemini",San Gemini,2.0,4.0
30,casciano san,106,"narni, narni",Narni,123.0,4.0
31,country house il pozzo,95,"terni, terni",Terni,423.0,5.0
32,100 civico,72,"terni, terni",Terni,47.0,2.0
33,domus umbra,183,"terni, terni",Terni,131.0,5.0
34,asso gold residence,94,"terni, terni",Terni,10.0,
35,francesco home san,84,"terni, terni",Terni,10.0,3.0
36,chiara villa,103,"terni, terni",Terni,115.0,5.0
37,cuore del il rifugio,181,"terni, terni",Terni,32.0,4.0
38,bed rio,94,"terni, terni",Terni,2.0,3.0
39,gli ospiti per tana,81,"terni, terni",Terni,68.0,5.0
40,casa chiara vacanze,104,"terni, terni",Terni,,
41,agriturismo violati,122,"san gemini, san gemini",San Gemini,12.0,
42,luxury monumenti suites tre,113,"terni, terni",Terni,,
43,civico sessantasei,104,"terni, terni",Terni,2.0,
44,af house,107,"terni, terni",Terni,4.0,
45,bb casa regina,120,"stroncone, stroncone",Stroncone,67.0,2.0
46,archi dimora gli la tra,112,"montefranco, montefranco",Montefranco,,
47,via,84,"terni, terni",Terni,77.0,3.0
48,di giardino il venere,74,"terni, terni",Terni,1.0,3.0
49,belvedere valenza,97,"terni, terni",Terni,15.0,3.0
50,umbriahouse,129,"terni, terni",Terni,66.0,5.0
51,benedetta di loft,1014,"narni, narni",Narni,52.0,5.0
52,poggiotramonto,72,"calvi dell' umbria, terni",Calvi dell' Umbria,43.0,4.0
53,ggapartment,129,"terni, terni",Terni,91.0,4.0
54,home mm’s,85,"terni, terni",Terni,1.0,3.0
55,alloggio bis casa di glenda la ospedale zona,94,"terni, terni",Terni,34.0,4.0
56,asso residence,79,"terni, terni",Terni,1.0,3.0
57,lattrazionedelgeco,85,"terni, terni",Terni,55.0,3.0
58,casa la rosa,111,"terni, terni",Terni,348.0,4.0
59,dal dal podesta podestà,108,"san gemini, san gemini",San Gemini,73.0,3.0
60,casa isa,86,"narni, narni",Narni,12.0,3.0
61,bb la stalla vecchia,102,"narni, narni",Narni,95.0,3.0
62,lamoruccio,148,"terni, terni",Terni,64.0,4.0
63,sognonarni,117,"narni, narni",Narni,103.0,3.0
64,ccc ccc central central holiday holiday properties properties terni terni ççç ççç,111,"terni, terni",Terni,83.0,4.0
65,2 la severa,96,"terni, terni",Terni,11.0,4.0
66,alloggi anna primavera,141,"papigno, papigno",Terni,,
67,bb la sosta,80,"stroncone, stroncone",Stroncone,170.0,3.0
68,bilocale delizioso for house palmira two,94,"terni, terni",Terni,109.0,4.0
69,castagni collina dei la,134,"terni, terni",Terni,,4.0
70,bb home xix,103,"narni, narni",Narni,351.0,3.0
71,alloggi matilde primavera,115,"papigno, papigno",Terni,,3.0
72,casafe casafè e e realta realtà sogno sogno tra tra,132,"narni, narni",Narni,106.0,4.0
73,casa cesi di la,81,"terni, terni",Terni,21.0,4.0
74,alloggio ami che,92,"montefranco, montefranco",Montefranco,41.0,3.0
75,2 appartamenti cerqueto il,74,"terni, terni",Terni,160.0,5.0
76,alma con parcheggio richiesta su verde,231,"narni, narni",Narni,3.0,4.0
77,charming house marmore,122,"terni, terni",Terni,450.0,4.0
78,66 civico,100,"terni, terni",Terni,6.0,3.0
79,gemini palace san,199,"san gemini, san gemini",San Gemini,242.0,5.0
80,aria marmore,153,"terni, terni",Terni,36.0,4.0
81,residence viviverde,76,"terni, terni",Terni,643.0,4.0
82,bilocale casetta con giardino la privato,109,"terni, terni",Terni,55.0,5.0
83,a alma casa di,81,"terni, terni",Terni,106.0,3.0
84,bedbreakfast rosy,77,"terni, terni",Terni,328.0,4.0
85,appartamento exclusive house interamna intero use,97,"terni, terni",Terni,1.0,
86,2 white,73,"terni, terni",Terni,16.0,2.0
87,alans home,105,"terni, terni",Terni,,3.0
88,casa con maya panoramica rustica vista,148,"narni, narni",Narni,13.0,4.0
89,camere di ettore le,79,"terni, terni",Terni,99.0,3.0
90,agriturismo madre terra,138,"narni, narni",Narni,89.0,5.0
91,casa dedalus gemini san,515,"san gemini, san gemini",San Gemini,4.0,5.0
92,alan casa di la,80,"terni, terni",Terni,251.0,3.0
93,capriolo con del dimora e favolosa giardino parcheggio,228,"terni, terni",Terni,13.0,4.0
94,la severa,94,"terni, terni",Terni,49.0,5.0
95,casa contea la nella,92,"terni, terni",Terni,21.0,3.0
96,casa delloliveto gratuito parcheggio,309,"narni, narni",Narni,54.0,5.0
97,casa di milly,80,"papigno, papigno",Terni,,
98,a laquila per sogno un,111,"terni, terni",Terni,1.0,3.0
99,casa di glenda la ospedale,90,"terni, terni",Terni,23.0,4.0
100,as maison,89,"terni, terni",Terni,106.0,5.0
101,alloggi il teatro,93,"terni, terni",Terni,114.0,4.0
102,di gemini posta san stazione,90,"san gemini, san gemini",San Gemini,1.0,3.0
103,domus narnia,78,"narni, narni",Narni,165.0,3.0
104,alle torri,122,"terni, terni",Terni,136.0,4.0
105,casa di emma la,94,"terni, terni",Terni,88.0,4.0
106,casa di la umberto,126,"terni, terni",Terni,50.0,3.0
107,alloggio e narni terni tra,128,"terni, terni",Terni,19.0,3.0
108,albornoz di e la narnia rocca,101,"narni, narni",Narni,67.0,3.0
109,house lover the,82,"terni, terni",Terni,8.0,4.0
110,asso narni residence,102,"narni, narni",Narni,220.0,3.0
111,bianca casa di la,126,"terni, terni",Terni,35.0,3.0
112,est narniandum,108,"narni, narni",Narni,12.0,5.0
113,giulia mamma,65,"stroncone, stroncone",Stroncone,1.0,3.0
114,lo marmore scorcio,153,"terni, terni",Terni,50.0,4.0
115,home sangemini,75,"san gemini, san gemini",San Gemini,64.0,3.0
116,antico casale l,94,"terni, terni",Terni,347.0,5.0
117,angolo verde,63,"terni, terni",Terni,4.0,
118,gatte le,153,"narni, narni",Narni,23.0,4.0
119,borgo casa la nel,120,"terni, terni",Terni,35.0,3.0
120,centro in terni,124,"terni, terni",Terni,52.0,3.0
121,collina didattica fattoria incantata la,97,"narni, narni",Narni,169.0,4.0
122,charming greenway house marmore,120,"terni, terni",Terni,83.0,3.0
123,asso residence stazione,94,"terni, terni",Terni,58.0,3.0
124,55m2 close countryside cozy flat in narni the to,109,"narni, narni",Narni,49.0,5.0
125,casale colline delle fresco nel umbre viridi,100,"narni, narni",Narni,806.0,4.0
126,luce marmore,162,"terni, terni",Terni,45.0,4.0
127,lu renge,131,"narni, narni",Narni,36.0,4.0
128,filomena guest house santa,74,"terni, terni",Terni,4.0,3.0
129,appartamenti e marmore natura terra,113,"terni, terni",Terni,130.0,4.0
130,casa piediluco vacanze,125,"terni, terni",Terni,,
131,casa con la mora parcheggio richiesta su,238,"narni, narni",Narni,24.0,4.0
132,casa mimma nonna,89,"narni, narni",Narni,63.0,3.0
133,apartments salute,103,"terni, terni",Terni,123.0,5.0
134,bilocale degli innamorati,107,"terni, terni",Terni,56.0,4.0
135,aryhouse,85,"terni, terni",Terni,16.0,3.0
136,aslan casa di terra vacanze,119,"narni, narni",Narni,7.0,3.0
137,hotel lazio raeli,159,stazione termini,Roma,321.0,3.0
138,hotel noto raeli,153,stazione termini,Roma,2.0,3.0
139,hotel king,169,via veneto,Roma,2.0,3.0
140,a astoria cavalieri hotel waldorf,1620,trionfale,Roma,1.0,5.0
141,hotel taormina,105,stazione termini,Roma,1.0,2.0
142,bb giovanni hotel san tuscolana,95,appio latino,Roma,1.0,3.0
143,apartments bonvoy by marriott piazza sonder venezia,228,pantheon,Roma,4.0,3.0
144,american eur hotel palace,105,eur garbatella,Roma,7.0,4.0
145,camping hu in town,69,aurelio monteverde,Roma,18.0,4.0
146,2 aeroporto bb fiera fiumicino hotel,100,aeroporto fiumicino,Roma,6.0,3.0
147,fiera ibis,96,ovest,Roma,5.0,3.0
148,bb fiumicino hotel,98,aeroporto fiumicino,Roma,6.0,3.0
149,ah,88,nord,Roma,866.0,3.0
150,hotel tor vergata,105,est,Roma,2.0,4.0
151,gambrinus hotel,128,via veneto,Roma,864.0,4.0
152,airport hilton hotel,250,aeroporto fiumicino,Roma,11.0,4.0
153,dellopera giglio hotel,87,stazione termini,Roma,2.0,3.0
154,delle guest house maison naiadi,110,stazione termini,Roma,482.0,3.0
155,hotel nord nuova,198,stazione termini,Roma,7.0,3.0
156,corot hotel,119,stazione termini,Roma,1.0,3.0
157,hotel oriente,80,stazione termini,Roma,444.0,2.0
158,hotel raeli siracusa,160,stazione termini,Roma,4.0,3.0
159,hotel kennedy the,117,stazione termini,Roma,1.0,3.0
160,archimede hotel raeli,112,stazione termini,Roma,334.0,4.0
161,hotel rosa villa,113,trastevere,Roma,468.0,3.0
162,air airport by hellosky rooms,238,aeroporto fiumicino,Roma,749.0,4.0
163,hotel nazionale,167,pantheon,Roma,3.0,4.0
164,hotel raganelli,92,aurelio monteverde,Roma,1.0,4.0
165,hotel trevi,154,trevi,Roma,2.0,3.0
166,adriatic hotel,105,vaticano,Roma,992.0,2.0
167,hotel quirinale,201,stazione termini,Roma,8.0,4.0
168,resort termini,115,stazione termini,Roma,807.0,3.0
169,airport hotel isola sacra,213,aeroporto fiumicino,Roma,8.0,4.0
170,corse delle locanda,224,appio latino,Roma,62.0,3.0
171,artis hotel,85,appio latino,Roma,446.0,4.0
172,hotel villafranca,162,stazione termini,Roma,1.0,4.0
173,genova hotel,179,stazione termini,Roma,2.0,4.0
174,family hotel house,76,stazione termini,Roma,480.0,1.0
175,hotel ripa,122,trastevere,Roma,3.0,4.0
176,hotel tiber,156,aeroporto fiumicino,Roma,4.0,4.0
177,hotel lh montemario,75,trionfale,Roma,3.0,4.0
178,airport garden hilton inn,191,aeroporto fiumicino,Roma,329.0,4.0
179,by fleming grand hotel hotels omnia,121,flaminio parioli,Roma,2.0,4.0
180,hotel napoleon,122,stazione termini,Roma,1.0,4.0
181,champagne hotel palace,151,stazione termini,Roma,1.0,4.0
182,nomentana sotel,74,est,Roma,1.0,3.0
183,hotel windrose,169,stazione termini,Roma,506.0,3.0
184,bb gialel,91,via veneto,Roma,152.0,4.0
185,boccea castrum hotel relais,156,boccea,Roma,705.0,4.0
186,hotel varese,150,stazione termini,Roma,3.0,4.0
187,agora hotel,92,stazione termini,Roma,2.0,3.0
188,hotel torino,112,stazione termini,Roma,2.0,4.0
189,hotel igea,139,stazione termini,Roma,3.0,3.0
190,hotel independent the,162,stazione termini,Roma,2.0,4.0
191,airport fiumicino isa residence,102,aeroporto fiumicino,Roma,3.0,3.0
192,airport da leonardo mercure vinci,127,aeroporto fiumicino,Roma,9.0,4.0
193,by hotel hotels omnia shangrila,199,eur garbatella,Roma,2.0,4.0
194,bb hotel lorenzo san termini,129,stazione termini,Roma,1.0,3.0
195,ki residenza,166,trevi,Roma,1.0,3.0
196,cilicia hotel,110,appio latino,Roma,168.0,3.0
197,des epoques hotel,89,nomentano,Roma,612.0,4.0
198,2000 h luxury rooms,121,trevi,Roma,206.0,3.0
199,aparthotel colombo,172,eur garbatella,Roma,78.0,3.0
200,hotel santangelo,144,vaticano,Roma,22.0,3.0
201,cross hotel the,222,stazione termini,Roma,4.0,4.0
202,acquedotto antico hotel,81,est,Roma,289.0,3.0
203,di hotel pallade tempio,89,stazione termini,Roma,1.0,3.0
204,amy casa di guest house la,153,stazione termini,Roma,2.0,3.0
205,camplus centro hotel,178,stazione termini,Roma,4.0,3.0
206,bolognese hotel,104,stazione termini,Roma,813.0,2.0
207,bettoja dazeglio hotel massimo,168,stazione termini,Roma,2.0,4.0
208,genio hotel,146,navona,Roma,432.0,4.0
209,caravel hotel,116,eur garbatella,Roma,1.0,4.0
210,by hotel hotels martin omnia st,159,stazione termini,Roma,1.0,4.0
211,e hotel noba residenze,117,nomentano,Roma,1.0,3.0
212,hotel valle,114,monti,Roma,377.0,3.0
213,bv hotel oly,130,eur garbatella,Roma,1.0,4.0
214,helvezia hotel pace,209,colosseo foro romano,Roma,689.0,4.0
215,hotel infinity peter st,79,vaticano,Roma,44.0,3.0
216,andreotti hotel lh,108,stazione termini,Roma,3.0,3.0
217,atlantico bettoja hotel,504,stazione termini,Roma,1.0,4.0
218,farini hotel,105,stazione termini,Roma,315.0,2.0
219,hotel piemonte,155,stazione termini,Roma,2.0,3.0
220,2 center hotel,142,stazione termini,Roma,3.0,3.0
221,colonna hotel palace,203,pantheon,Roma,840.0,4.0
222,hive hotel the,174,stazione termini,Roma,7.0,4.0
223,generator,173,stazione termini,Roma,537.0,4.0
224,3 center hotel,124,stazione termini,Roma,1.0,3.0
225,257 in prati suites,132,vaticano,Roma,379.0,4.0
226,palazzo santantonio,63,trionfale,Roma,1.0,3.0
227,best hotel,126,stazione termini,Roma,112.0,4.0
228,garden hotel,152,nomentano,Roma,295.0,3.0
229,house mantegna precise,177,eur garbatella,Roma,1.0,4.0
230,hotel lh lloyd,120,nomentano,Roma,1.0,3.0
231,hotel philia,89,stazione termini,Roma,418.0,3.0
232,aran hotel occidental park,124,eur garbatella,Roma,4.0,4.0
233,hotel lorenzo maria san villa,166,stazione termini,Roma,3.0,3.0
234,adesso hotel,161,nomentano,Roma,3.0,4.0
235,carpegna palace th,112,aurelio monteverde,Roma,490.0,4.0
236,boomerang hotel,81,ovest,Roma,1.0,3.0
237,griffe hotel la,139,stazione termini,Roma,5.0,5.0
238,best globus hotel western,138,policlinico,Roma,3.0,3.0
239,all hotel relais sport time,851,eur garbatella,Roma,303.0,4.0
240,romehello the,146,stazione termini,Roma,10.0,3.0
241,aires buenos hotel,128,nomentano,Roma,1.0,3.0
242,gabriella hotel,96,stazione termini,Roma,436.0,3.0
243,hotel milani,164,stazione termini,Roma,3.0,3.0
244,ciampino hotel smart,81,aeroporto ciampino,Roma,366.0,3.0
245,cantico hotel il peter st,85,vaticano,Roma,536.0,3.0
246,hotel magnolia residence,93,trionfale,Roma,11.0,3.0
247,albergo ottocento,213,via veneto,Roma,244.0,4.0
248,congressi dei hotel,172,eur garbatella,Roma,3.0,4.0
249,decò hotels una,231,stazione termini,Roma,5.0,4.0
250,airport fiera la villetta,95,aeroporto fiumicino,Roma,137.0,3.0
251,altavilla hotel,102,stazione termini,Roma,377.0,2.0
252,ginevra hotel palace,87,aurelio monteverde,Roma,235.0,3.0
253,freedom hostel traveller,119,stazione termini,Roma,553.0,4.0
254,filippo hotel,83,stazione termini,Roma,942.0,2.0
255,garden hotel urban,154,est,Roma,1.0,3.0
256,fabulous village,213,ostia,Roma,6.0,4.0
257,cappuccini casa i,133,via veneto,Roma,1.0,4.0
258,hotel imperatori,77,nord,Roma,845.0,4.0
259,golden piram tulip,204,stazione termini,Roma,2.0,3.0
260,east hampton inn,103,est,Roma,38.0,4.0
261,glamour spanish steps,78,flaminio parioli,Roma,448.0,4.0
262,gioberti hotel,181,stazione termini,Roma,1.0,4.0
263,opera rooms suite,117,stazione termini,Roma,94.0,3.0
264,albergo marisa,137,stazione termini,Roma,5.0,3.0
265,monti relais,214,monti,Roma,1.0,4.0
266,augusta hotel lucilla palace,166,stazione termini,Roma,8.0,4.0
267,hotel marriott park,200,ovest,Roma,2.0,4.0
268,artemide hotel,368,stazione termini,Roma,2.0,4.0
269,21 domus luxury suites,338,pantheon,Roma,634.0,5.0
270,bettoja hotel mediterraneo,198,stazione termini,Roma,2.0,4.0
271,argentina hotel residenza style,208,pantheon,Roma,463.0,4.0
272,homs hotel,152,spagna,Roma,78.0,4.0
273,hostel trastevere,163,trastevere,Roma,4.0,2.0
274,cardinal hotel peter st,162,aurelio monteverde,Roma,3.0,4.0
275,boutique hotel leonardo termini,185,stazione termini,Roma,1.0,4.0
276,citizenm isola tiberina,304,pantheon,Roma,2.0,4.0
277,hotel orazio palace,204,vaticano,Roma,1.0,4.0
278,by dei eur holiday ihg inn medici parco,190,ovest,Roma,4.0,4.0
279,dei hotel papi relais,226,vaticano,Roma,34.0,3.0
280,bello ostello,232,colosseo foro romano,Roma,2.0,3.0
281,hotel tex,125,stazione termini,Roma,144.0,3.0
282,grand hotel tiberio,114,trionfale,Roma,2.0,4.0
283,hotel marcantonio,155,stazione termini,Roma,1.0,2.0
284,albani hotel,124,flaminio parioli,Roma,2.0,4.0
285,mama shelter,307,vaticano,Roma,3.0,4.0
286,bb dream station,108,stazione termini,Roma,361.0,3.0
287,bb destinazione,116,trionfale,Roma,3.0,3.0
288,hotel mirage,112,stazione termini,Roma,682.0,2.0
289,delle hotel rose villa,933,stazione termini,Roma,1.0,3.0
290,cecil hotel,281,spagna,Roma,463.0,3.0
291,chotels club house,141,trionfale,Roma,6.0,4.0
292,glori hotel villa,752,flaminio parioli,Roma,2.0,4.0
293,a hotel lifestyle,207,aurelio monteverde,Roma,4.0,4.0
294,accademia hotel,123,trevi,Roma,2.0,3.0
295,carpegna nh villa,194,trastevere,Roma,2.0,4.0
296,hotel infinito,83,stazione termini,Roma,1.0,3.0
297,warmthotel,128,eur garbatella,Roma,2.0,4.0
298,conciliazione della hotel,288,vaticano,Roma,2.0,4.0
299,hotel tirreno,134,monti,Roma,201.0,3.0
300,hotel romoli,264,appio latino,Roma,1.0,3.0
301,aranci degli hotel,127,flaminio parioli,Roma,1.0,4.0
302,contilia hotel,153,stazione termini,Roma,2.0,3.0
303,rooms star vatican,154,vaticano,Roma,54.0,3.0
304,crossroad hotel,96,eur garbatella,Roma,178.0,3.0
305,metropole starhotels,246,stazione termini,Roma,2.0,4.0
306,hostel litus,100,ostia,Roma,2.0,3.0
307,hotel impero,142,stazione termini,Roma,6.0,3.0
308,de medici parco sheraton,185,ovest,Roma,3.0,4.0
309,inn luxury navona palace,151,navona,Roma,102.0,4.0
310,hotel milton,145,stazione termini,Roma,8.0,4.0
311,hotel iq,269,stazione termini,Roma,3.0,4.0
312,guest house pratinn vatican,112,vaticano,Roma,117.0,3.0
313,domus julia,103,trevi,Roma,573.0,3.0
314,brave for lovers suitesistina,228,spagna,Roma,2.0,4.0
315,hotel madison,124,stazione termini,Roma,6.0,3.0
316,by costanza hotel hotels omnia santa,133,nomentano,Roma,547.0,4.0
317,hotel remo san,127,stazione termini,Roma,3.0,3.0
318,hotel john saint,167,stazione termini,Roma,375.0,4.0
319,chopin hotel,147,aeroporto fiumicino,Roma,3.0,3.0
320,hotel mozart,232,spagna,Roma,294.0,4.0
321,camelia hotel,133,stazione termini,Roma,1.0,3.0
322,camilla donna savelli,216,trastevere,Roma,2.0,4.0
323,62 residenza,234,stazione termini,Roma,916.0,3.0
324,87 eightyseven hotel,215,spagna,Roma,3.0,4.0
325,domidea hotel,174,est,Roma,1.0,4.0
326,navona stay,206,pantheon,Roma,96.0,3.0
327,center scout,172,nomentano,Roma,3.0,3.0
328,floris hotel,215,stazione termini,Roma,412.0,3.0
329,four rivers suites,226,navona,Roma,1.0,4.0
330,boutique hotel trevi,185,trevi,Roma,300.0,4.0
331,go hotel sleepn,123,aeroporto fiumicino,Roma,1.0,3.0
332,hotel palace pineta,124,trionfale,Roma,1.0,4.0
333,palace,73,est,Roma,95.0,3.0
334,giusto hotel san,171,nomentano,Roma,4.0,3.0
335,relais tiburtina,132,nomentano,Roma,774.0,3.0
336,aphrodite hotel,165,stazione termini,Roma,1.0,4.0
337,hostel mosaic,109,stazione termini,Roma,237.0,1.0
338,flower garden hotel,177,stazione termini,Roma,2.0,3.0
339,hotel navona,178,pantheon,Roma,415.0,3.0
340,hotel life,239,monti,Roma,743.0,4.0
341,foffosuite,129,stazione termini,Roma,15.0,5.0
342,geo hotel,92,est,Roma,456.0,3.0
343,hotel yes,171,stazione termini,Roma,1.0,3.0
344,hotel virgilio,156,monti,Roma,39.0,3.0
345,cc hotel palace,314,stazione termini,Roma,921.0,4.0
346,giustiniani residenza,140,stazione termini,Roma,333.0,3.0
347,maison spagna suite,165,spagna,Roma,676.0,5.0
348,al hotel manthia,161,trevi,Roma,983.0,4.0
349,casa giuseppe san,120,appio latino,Roma,2.0,3.0
350,hotel rimini,96,stazione termini,Roma,1.0,3.0
351,b be place the to,98,nomentano,Roma,15.0,3.0
352,domus sessoriana,118,appio latino,Roma,104.0,3.0
353,55 fiftyfive hotel,188,spagna,Roma,208.0,4.0
354,colosseo maison profumo,163,colosseo foro romano,Roma,143.0,3.0
355,hotel kolbe,220,colosseo foro romano,Roma,582.0,4.0
356,a barceló group hotel hotel member midas of,350,aurelio monteverde,Roma,2.0,4.0
357,best hotel president western,215,stazione termini,Roma,4.0,4.0
358,at filiberto home townhouse,164,stazione termini,Roma,1.0,4.0
359,domus getsemani,129,vaticano,Roma,1.0,3.0
360,hotel smeraldo,217,pantheon,Roma,27.0,3.0
361,chotels fiume,136,via veneto,Roma,1.0,4.0
362,arcangelo hotel,153,vaticano,Roma,1.0,3.0
363,dei hotel mellini,191,vaticano,Roma,620.0,4.0
364,hiberia hotel,228,colosseo foro romano,Roma,4.0,3.0
365,and guest house prisca relais tullia,145,colosseo foro romano,Roma,690.0,3.0
366,24 guest house terminal,64,stazione termini,Roma,10.0,2.0
367,gallery suites trastevere,138,trastevere,Roma,818.0,4.0
368,dina hotel,92,stazione termini,Roma,93.0,3.0
369,hotels trastevere una,244,trastevere,Roma,2.0,4.0
370,area hotel,133,eur garbatella,Roma,5.0,4.0
371,est novotel,143,est,Roma,420.0,4.0
372,eliseo hotel,144,spagna,Roma,355.0,4.0
373,boutique hotel liberty the,317,stazione termini,Roma,1.0,4.0
374,astrid best hotel western,123,flaminio parioli,Roma,3.0,3.0
375,dei eur parco pini villa,129,eur garbatella,Roma,4.0,3.0
376,hotel martini,135,stazione termini,Roma,868.0,3.0
377,hotel maura santa,117,appio latino,Roma,1.0,3.0
378,bb evergreen,120,stazione termini,Roma,1.0,3.0
379,central courtyard park,215,trionfale,Roma,1.0,4.0
380,grand hotel plaza,345,spagna,Roma,565.0,5.0
381,guest house splendor suite,218,spagna,Roma,42.0,4.0
382,hotel medici,156,via veneto,Roma,2.0,3.0
383,indipendenza relais,111,stazione termini,Roma,13.0,3.0
384,150 bhr cavour,122,monti,Roma,332.0,5.0
385,hotel palace palladium,164,stazione termini,Roma,1.0,4.0
386,hotel tritone,382,trevi,Roma,788.0,3.0
387,eur hilton la lama,172,eur garbatella,Roma,2.0,4.0
388,and qc resort spa terme,318,aeroporto fiumicino,Roma,2.0,5.0
389,assisi hotel,92,stazione termini,Roma,559.0,3.0
390,gialli guesthouse vatican,139,vaticano,Roma,677.0,4.0
391,colosseum resort,145,stazione termini,Roma,118.0,3.0
392,hotel orange,178,vaticano,Roma,163.0,4.0
393,hotel orlanda,143,stazione termini,Roma,996.0,2.0
394,alloggio home katrinas turistico,100,aeroporto fiumicino,Roma,231.0,4.0
395,77 hotel seventyseven,172,stazione termini,Roma,45.0,4.0
396,hotel pinciana villa,165,via veneto,Roma,799.0,4.0
397,fh grand hotel palatino,247,monti,Roma,5.0,4.0
398,bb domus liberius,193,monti,Roma,468.0,3.0
399,domus hotel nova quality,94,vaticano,Roma,105.0,4.0
400,imperium navona suite,116,navona,Roma,567.0,3.0
401,al fico hotel intorno,170,aeroporto fiumicino,Roma,1.0,3.0
402,kings relais seven,204,via veneto,Roma,122.0,3.0
403,amoromasuite,117,stazione termini,Roma,12.0,3.0
404,concordia hotel,147,spagna,Roma,567.0,3.0
405,hotel sirenetta,151,ostia,Roma,5.0,3.0
406,maximus residence,182,colosseo foro romano,Roma,1.0,3.0
407,deco fly hotel,228,ostia,Roma,1.0,4.0
408,hotel principe,119,stazione termini,Roma,1.0,2.0
409,cavour centro hotel,172,monti,Roma,5.0,3.0
410,europa giardino hotel,113,appio latino,Roma,1.0,3.0
411,inn luxury palace trevi,266,trevi,Roma,188.0,5.0
412,barberini hotel,359,trevi,Roma,2.0,4.0
413,cambridge hotel,153,stazione termini,Roma,1.0,3.0
414,dellorso lantica locanda,135,navona,Roma,1.0,3.0
415,everest hotel inn,139,stazione termini,Roma,1.0,2.0
416,hotel ponte sisto,207,navona,Roma,1.0,4.0
417,hotel ping pong,171,ostia,Roma,2.0,3.0
418,borgognoni dei hotel,290,spagna,Roma,704.0,4.0
419,balilla hotel,139,stazione termini,Roma,970.0,3.0
420,aran blu,226,ostia,Roma,1.0,4.0
421,hotel one twenty,202,vaticano,Roma,7.0,4.0
422,hotel pinewood,142,trionfale,Roma,2.0,4.0
423,aeterna eurostars hotel,185,est,Roma,2.0,4.0
424,coppede relais villa,152,nomentano,Roma,51.0,4.0
425,art navona suite,162,navona,Roma,1.0,4.0
426,hotel latinum,123,stazione termini,Roma,611.0,4.0
427,fifteen hotel keys the,407,monti,Roma,680.0,4.0
428,gravina hotel pietro san,133,vaticano,Roma,190.0,3.0
429,hotel ii paolo,133,vaticano,Roma,1.0,3.0
430,palazzo relais taverna,135,navona,Roma,703.0,3.0
431,anfiteatro flavio hotel,184,monti,Roma,35.0,3.0
432,hotel oxford,111,via veneto,Roma,400.0,4.0
433,a bb scalini trastevere ventisei,152,trastevere,Roma,79.0,3.0
434,hotel milo,144,stazione termini,Roma,2.0,3.0
435,argileto residenze,281,colosseo foro romano,Roma,9.0,4.0
436,civette delle hotel,177,nomentano,Roma,1.0,3.0
437,republic the,269,stazione termini,Roma,1.0,4.0
438,hotel parker,133,stazione termini,Roma,3.0,3.0
439,city guesthouse mood,107,stazione termini,Roma,1.0,3.0
440,bologna hotel mercure piazza,183,nomentano,Roma,1.0,3.0
441,delle hotel muse,181,flaminio parioli,Roma,1.0,3.0
442,fiumicino hotel riviera,143,aeroporto fiumicino,Roma,1.0,3.0
443,hotel radio,107,eur garbatella,Roma,2.0,2.0
444,eurorooms hotel,174,stazione termini,Roma,35.0,1.0
445,hotel morgana,177,stazione termini,Roma,877.0,4.0
446,chambres dor hotel les,319,vaticano,Roma,342.0,1.0
447,hotel mecenate palace,230,stazione termini,Roma,2.0,4.0
448,107 corso rooms suite wellnessspa,270,spagna,Roma,77.0,4.0
449,borghese hotel sofitel villa,581,via veneto,Roma,1.0,5.0
450,collection hotel trevi,255,spagna,Roma,1.0,4.0
451,best hotel plus universo western,265,stazione termini,Roma,5.0,4.0
452,charme chic,131,spagna,Roma,629.0,4.0
453,court hotel royal,180,stazione termini,Roma,2.0,4.0
454,ateneo garden hotel palace,160,stazione termini,Roma,1.0,4.0
455,ac ii more much,188,stazione termini,Roma,758.0,3.0
456,cherubini hotel,104,stazione termini,Roma,82.0,2.0
457,cinquecento collection nh palazzo,411,stazione termini,Roma,2.0,5.0
458,casa de fiori,200,navona,Roma,2.0,3.0
459,campidoglio hotel,185,stazione termini,Roma,24.0,3.0
460,hotel lella,106,stazione termini,Roma,1.0,2.0
461,capitani guest house,129,aeroporto fiumicino,Roma,783.0,4.0
462,vatican,120,vaticano,Roma,275.0,3.0
463,garden hotel marcella rooftop royal –,237,via veneto,Roma,744.0,4.0
464,best hotel premier royal santina western,231,stazione termini,Roma,4.0,4.0
465,house mondo,123,aeroporto fiumicino,Roma,1.0,3.0
466,caravita hotel,311,pantheon,Roma,1.0,5.0
467,hotel maryelen,134,stazione termini,Roma,825.0,3.0
468,airport euro house,113,aeroporto fiumicino,Roma,248.0,3.0
469,boutique hotel,143,via veneto,Roma,127.0,4.0
470,hub social the,148,est,Roma,197.0,4.0
471,amazing piazza suites venezia,329,pantheon,Roma,916.0,4.0
472,cortina hotel,187,stazione termini,Roma,186.0,3.0
473,la suite villetta,117,aeroporto ciampino,Roma,2.0,3.0
474,euro house inn,118,aeroporto fiumicino,Roma,745.0,4.0
475,ferrari hotel,113,stazione termini,Roma,69.0,2.0
476,baltik guest house,100,stazione termini,Roma,980.0,2.0
477,hotel moderno,138,stazione termini,Roma,1.0,4.0
478,argentina relais teatro,177,pantheon,Roma,671.0,4.0
479,aida charming rooms,132,ovest,Roma,529.0,2.0
480,jolie la maison residence,112,aeroporto fiumicino,Roma,2.0,3.0
481,by crowne ihg peters plaza st,245,aurelio monteverde,Roma,2.0,4.0
482,academy hotel,154,aeroporto fiumicino,Roma,1.0,3.0
483,hotel mf,125,nomentano,Roma,1.0,3.0
484,consoli dei hotel,149,vaticano,Roma,966.0,4.0
485,argentina della hotel torre,294,pantheon,Roma,4.0,3.0
486,hotel navona theatre,222,navona,Roma,1.0,3.0
487,holidays hostel roman,112,stazione termini,Roma,127.0,3.0
488,domus luxury valadier,191,aeroporto fiumicino,Roma,1.0,3.0
489,hotel white,279,trevi,Roma,944.0,4.0
490,eur hotel novotel,192,eur garbatella,Roma,2.0,4.0
491,congress hotel palace spa trilussa,169,trastevere,Roma,776.0,4.0
492,inn target,159,stazione termini,Roma,88.0,3.0
493,athena hotel,102,policlinico,Roma,615.0,3.0
494,ergife hotel palace,382,aurelio monteverde,Roma,3.0,4.0
495,centro colosseo hotel mercure,353,colosseo foro romano,Roma,2.0,4.0
496,hotel patria,125,stazione termini,Roma,1.0,3.0
497,meininger termini,159,stazione termini,Roma,142.0,3.0
498,hotel laurentia,152,stazione termini,Roma,2.0,3.0
499,americana hotel nardizzi,240,stazione termini,Roma,1.0,2.0
500,hotel sisto v,114,trionfale,Roma,1.0,3.0
501,hotel kent,120,nomentano,Roma,1.0,3.0
502,hotel julia,128,trevi,Roma,1.0,3.0
503,by doubletree hilton monti,373,stazione termini,Roma,1.0,4.0
504,hotel labelle,164,colosseo foro romano,Roma,1.0,2.0
505,maison tritone,321,trevi,Roma,1.0,4.0
506,da me suites,175,spagna,Roma,1.0,4.0
507,lh royal suites terrace,311,pantheon,Roma,767.0,4.0
508,condotti hotel,262,spagna,Roma,1.0,3.0
509,37 de fiori luxury mario suites,316,spagna,Roma,753.0,4.0
510,hotel la scaletta,144,ostia,Roma,28.0,3.0
511,and bed breakfast dei principi residenza,113,monti,Roma,27.0,3.0
512,croce di hotel malta,165,spagna,Roma,2.0,2.0
513,hotel major the,243,monti,Roma,1.0,4.0
514,hotel mariano,130,stazione termini,Roma,36.0,3.0
515,hotel pamphili villa,243,aurelio monteverde,Roma,4.0,4.0
516,nazionale palace suites,154,stazione termini,Roma,365.0,3.0
517,antica hotel ostia park,233,ostia,Roma,170.0,3.0
518,retreat sanctuary the urban,184,colosseo foro romano,Roma,6.0,3.0
519,house top tritone,140,spagna,Roma,1.0,3.0
520,beautiful hostel,103,stazione termini,Roma,96.0,3.0
521,guest house peter six st,241,vaticano,Roma,53.0,3.0
522,boutique hotel leonardo monti,188,monti,Roma,10.0,4.0
523,aurelia occidental,148,aurelio monteverde,Roma,1.0,4.0
524,hotel luxury triviho,230,trevi,Roma,798.0,3.0
525,al colazione guest house vaticano,75,vaticano,Roma,1.0,3.0
526,artistes des hotel,170,stazione termini,Roma,2.0,3.0
527,aurea domus exe hotel,146,stazione termini,Roma,2.0,3.0
528,astoria gate golden,110,stazione termini,Roma,1.0,2.0
529,albergo chiara hotel santa,213,pantheon,Roma,57.0,3.0
530,hotel la residenza,240,via veneto,Roma,1.0,4.0
531,garda hotel,178,via veneto,Roma,1.0,3.0
532,faro gianicolense il,132,trastevere,Roma,2.0,3.0
533,9hotel cesari,248,pantheon,Roma,1.0,4.0
534,michelangelo starhotels,211,vaticano,Roma,2.0,4.0
535,apollo boutique hotel,145,vaticano,Roma,39.0,4.0
536,orso relais,152,navona,Roma,1.0,5.0
537,boutique center diffused historic in le luxury rooms,180,aeroporto fiumicino,Roma,21.0,4.0
538,columbia hotel,179,stazione termini,Roma,601.0,3.0
539,2b bedbreakfast roma2b,135,via veneto,Roma,888.0,3.0
540,guesthouse life sweet,136,stazione termini,Roma,16.0,3.0
541,airport best hotel western,162,aeroporto fiumicino,Roma,3.0,4.0
542,interno,123,stazione termini,Roma,430.0,3.0
543,independent suites the,138,stazione termini,Roma,435.0,4.0
544,grifo hotel,190,monti,Roma,2.0,3.0
545,autograph cardo collection,210,eur garbatella,Roma,376.0,4.0
546,w,500,via veneto,Roma,7.0,5.0
547,guesthouse piramide salotto,105,eur garbatella,Roma,501.0,5.0
548,albergo delle regioni,302,spagna,Roma,1.0,3.0
549,atlante garden hotel,396,vaticano,Roma,53.0,4.0
550,diocleziano hotel,161,stazione termini,Roma,3.0,4.0
551,hotel tmark vaticano,173,vaticano,Roma,96.0,4.0
552,hotel viminale,367,monti,Roma,1.0,4.0
553,paolo residenza vi,427,vaticano,Roma,198.0,4.0
554,83 bhr brancaccio,150,monti,Roma,1.0,4.0
555,hotel termini,130,stazione termini,Roma,30.0,2.0
556,ludus rooms,412,colosseo foro romano,Roma,515.0,5.0
557,inn marta,113,stazione termini,Roma,651.0,3.0
558,barocco hotel,349,via veneto,Roma,1.0,4.0
559,aelius,130,stazione termini,Roma,671.0,3.0
560,excellence suite,148,via veneto,Roma,1.0,3.0
561,cairoli hotel locanda,280,pantheon,Roma,652.0,4.0
562,181 babuino hotels luxury of small the world,242,spagna,Roma,959.0,4.0
563,anas place prime,162,stazione termini,Roma,1.0,3.0
564,41 hotel trevi,177,trevi,Roma,96.0,3.0
565,di piazza prestige spagna,194,spagna,Roma,524.0,4.0
566,room select veneto via,158,via veneto,Roma,2.0,4.0
567,aurelia ibis styles,130,aurelio monteverde,Roma,1.0,4.0
568,california hotel,149,stazione termini,Roma,439.0,3.0
569,del di locanda piazza ripetta sole spagna,222,spagna,Roma,199.0,4.0
570,innvatican,121,vaticano,Roma,23.0,3.0
571,empire hotels una,165,via veneto,Roma,2.0,4.0
572,borgo inn pio suites,292,vaticano,Roma,628.0,4.0
573,hotel seiler,168,stazione termini,Roma,2.0,2.0
574,hotel pio san villa,252,colosseo foro romano,Roma,6.0,3.0
575,gasometer suites urban,209,eur garbatella,Roma,1.0,4.0
576,grand hotel palace,332,via veneto,Roma,50.0,5.0
577,hotel valadier,206,spagna,Roma,3.0,4.0
578,luxury navona rhea silvia,513,pantheon,Roma,1.0,4.0
579,bb hotel trastevere,125,trastevere,Roma,971.0,3.0
580,hotel times,232,monti,Roma,796.0,4.0
581,hotel stendhal,312,spagna,Roma,723.0,4.0
582,lungotevere residence suite,118,trastevere,Roma,1.0,4.0
583,blu ghr hotel radisson,284,flaminio parioli,Roma,2.0,4.0
584,charme chic luxury,221,pantheon,Roma,871.0,4.0
585,capo colosseo d´africa –,208,colosseo foro romano,Roma,42.0,4.0
586,grand guest house master suites,192,spagna,Roma,56.0,4.0
587,hotel pulitzer,133,eur garbatella,Roma,2.0,4.0
588,casa di elena la,89,stazione termini,Roma,841.0,3.0
589,hotel palace romanico,226,via veneto,Roma,312.0,4.0
590,gp hotel,130,est,Roma,2.0,4.0
591,airport amore fiumicino thats,183,aeroporto fiumicino,Roma,937.0,3.0
592,nhow,248,via veneto,Roma,1.0,4.0
593,hotel trecento,206,pantheon,Roma,6.0,3.0
594,donatello hotel,110,stazione termini,Roma,1.0,3.0
595,hotel hotels luxury manfredi of palazzo small the world –,624,colosseo foro romano,Roma,147.0,5.0
596,hotel prati,129,vaticano,Roma,2.0,2.0
597,navona vanity,227,navona,Roma,2.0,2.0
598,hotel virginia,107,stazione termini,Roma,2.0,2.0
599,heart lorenzo of san,104,stazione termini,Roma,533.0,4.0
600,angeli casa ferie per villa,132,aurelio monteverde,Roma,1.0,3.0
601,bb hello,120,eur garbatella,Roma,884.0,3.0
602,aquaeductus emona hotel,158,stazione termini,Roma,2.0,4.0
603,hotel lirico,143,stazione termini,Roma,2.0,3.0
604,comfort navona rooms,174,navona,Roma,115.0,4.0
605,elite hotel,140,spagna,Roma,939.0,3.0
606,hotel il papavero,116,stazione termini,Roma,858.0,1.0
607,exe international palace,1155,monti,Roma,4.0,4.0
608,affittacamere romanstyle,160,stazione termini,Roma,1.0,3.0
609,maggiore maria relais santa,154,monti,Roma,692.0,3.0
610,campo de fiori spanish suite the,316,pantheon,Roma,47.0,3.0
611,giovanni hotel san,159,appio latino,Roma,2.0,4.0
612,dg prestige room,140,via veneto,Roma,1.0,3.0
613,artorius hotel,139,monti,Roma,5.0,2.0
614,corso hotel mercure trieste,115,nomentano,Roma,1.0,4.0
615,hotel pantheon,335,pantheon,Roma,216.0,4.0
616,hotel lodi,117,appio latino,Roma,595.0,2.0
617,guest house place right the,129,san giovanni,Roma,22.0,4.0
618,boutique giuturna hotel,179,trevi,Roma,1.0,3.0
619,regola residence,187,navona,Roma,896.0,3.0
620,cinquantatre hotel,179,via veneto,Roma,1.0,3.0
621,artdeco best hotel western,139,stazione termini,Roma,1.0,4.0
622,at fortyone,208,stazione termini,Roma,605.0,4.0
623,gallery hotel palm,227,nomentano,Roma,13.0,3.0
624,pantheon relais terrace,366,pantheon,Roma,1.0,4.0
625,erdarelli hotel,197,spagna,Roma,383.0,3.0
626,hotel vespasiano,209,vaticano,Roma,226.0,4.0
627,innside,139,vaticano,Roma,379.0,4.0
628,hotel marco polo,196,stazione termini,Roma,714.0,3.0
629,by garden hotels omnia palace rose,192,via veneto,Roma,94.0,4.0
630,bw canada collection hotel premier,177,stazione termini,Roma,2.0,3.0
631,hotel italia rosa,103,policlinico,Roma,5.0,3.0
632,luxury suite vatican,136,vaticano,Roma,583.0,3.0
633,dream the,130,stazione termini,Roma,572.0,3.0
634,boutique corso luxury rooms,198,spagna,Roma,23.0,4.0
635,hotel pia porta,113,nomentano,Roma,20.0,3.0
636,lucia tagliaferri,132,stazione termini,Roma,1.0,4.0
637,guardian the,157,stazione termini,Roma,685.0,4.0
638,riari villa,385,trastevere,Roma,2.0,3.0
639,martius private suites,711,pantheon,Roma,43.0,4.0
640,la vaticana vite,135,vaticano,Roma,752.0,3.0
641,della pigna suite,326,trevi,Roma,695.0,4.0
642,da pisicchio rooms,109,aeroporto fiumicino,Roma,9.0,3.0
643,frattina residenza,172,spagna,Roma,919.0,3.0
644,hotel otivm,324,colosseo foro romano,Roma,1.0,4.0
645,aurelia garner hotel,149,aurelio monteverde,Roma,1.0,4.0
646,building hotel the,185,stazione termini,Roma,13.0,4.0
647,argentina charme di relais residenze torre,282,pantheon,Roma,1.0,4.0
648,al con mann pantheon thomas,142,pantheon,Roma,634.0,3.0
649,alpi hotel,204,stazione termini,Roma,2.0,4.0
650,domus hotel,192,stazione termini,Roma,562.0,1.0
651,hotel palace prassede,238,stazione termini,Roma,627.0,4.0
652,boutique campo de fiori hotel,470,navona,Roma,7.0,3.0
653,abitart hotel,156,eur garbatella,Roma,2.0,4.0
654,central ripetta suites,163,spagna,Roma,9.0,4.0
655,hall suite tailor the,351,flaminio parioli,Roma,110.0,5.0
656,bb fanti,109,stazione termini,Roma,456.0,3.0
657,di fiumi i navona,183,pantheon,Roma,595.0,4.0
658,atlante hotel star,345,vaticano,Roma,2.0,4.0
659,arch suites,225,pantheon,Roma,1.0,3.0
660,hotel locarno,500,spagna,Roma,859.0,5.0
661,b place the,143,vaticano,Roma,1.0,3.0
662,al albergo antico pantheon sole,462,pantheon,Roma,1.0,4.0
663,marina porto resort romano the,282,aeroporto fiumicino,Roma,3.0,4.0
664,arenula suites,221,pantheon,Roma,926.0,4.0
665,chateau hotel river,143,flaminio parioli,Roma,1.0,4.0
666,504 corso suites,206,spagna,Roma,19.0,4.0
667,collection di filippo mate romefontana room trevi,358,via veneto,Roma,1.0,4.0
668,adelaide dreams suite,277,spagna,Roma,6.0,4.0
669,central hotel mosaic,156,monti,Roma,3.0,3.0
670,central guest house mosaic,136,monti,Roma,31.0,3.0
671,hotel pace teatro,213,navona,Roma,321.0,3.0
672,fiori hotel,150,monti,Roma,1.0,2.0
673,forum hotel,273,colosseo foro romano,Roma,2.0,4.0
674,farnese hotel,186,vaticano,Roma,48.0,4.0
675,grazioli guest house,246,pantheon,Roma,457.0,3.0
676,francesco hotel san,245,trastevere,Roma,15.0,3.0
677,hotel valentino,190,eur,Roma,,
678,paris hotel,110,termini,Roma,,
679,fiori hotel,81,Terni,Terni,,
680,classic hotel tulippano,109,Roma,Roma,,
