,titolo_booking,prezzo_booking,indirizzo_booking,città_booking,numero_recensioni_booking,valutazione_booking
0,de hotel paris,69,terni,Terni,869.0,
1,bb cospea,55,terni,Terni,674.0,3.0
2,bedbreakfast rosy,77,terni,Terni,330.0,4.0
3,angolo bb verde,69,terni,Terni,219.0,3.0
4,filomena guest house santa,74,terni,Terni,11.0,3.0
5,asso residence,79,terni,Terni,1.0,3.0
6,asso ospedale residence,89,terni,Terni,1.0,3.0
7,bb maria villa,74,terni,Terni,253.0,4.0
8,asso gold residence,94,terni,Terni,17.0,3.0
9,asso centro residence,81,terni,Terni,980.0,3.0
10,residence viviverde,76,terni,Terni,620.0,4.0
11,100 civico,72,terni,Terni,49.0,3.0
12,classic hotel tulipano,128,terni,Terni,406.0,
13,angolo verde,63,terni,Terni,7.0,
14,via,84,terni,Terni,76.0,3.0
15,a alma casa di,81,terni,Terni,101.0,3.0
16,home welcome,87,terni,Terni,56.0,4.0
17,hotel michelangelo palace spa,174,terni,Terni,669.0,
18,hotel valentino,258,terni,Terni,754.0,
19,camere di ettore le,79,terni,Terni,103.0,3.0
20,as maison,89,terni,Terni,109.0,3.0
21,alan casa di la,80,terni,Terni,257.0,3.0
22,2 appartamenti cerqueto il,74,terni,Terni,153.0,3.0
23,adelma piedàterre,53,terni,Terni,,
24,white,67,terni,Terni,218.0,3.0
25,garden hotel terni,138,terni,Terni,477.0,
26,aryhouse,85,terni,Terni,27.0,3.0
27,colonne tre,76,terni,Terni,21.0,3.0
28,asso residence stazione,94,terni,Terni,61.0,3.0
29,ggapartment,129,terni,Terni,89.0,3.0
30,di giardino il venere,74,terni,Terni,86.0,3.0
31,casa nel verde,59,terni,Terni,141.0,3.0
32,bilocale casetta con giardino la privato,109,terni,Terni,56.0,4.0
33,home mm’s,85,terni,Terni,168.0,3.0
34,appartamenti e marmore natura terra,113,terni,Terni,134.0,3.0
35,francesco home san,84,terni,Terni,17.0,3.0
36,luxury monumenti suites tre,113,terni,Terni,3.0,3.0
37,alloggi il teatro,93,terni,Terni,112.0,3.0
38,bilocale delizioso for house palmira two,94,terni,Terni,113.0,4.0
39,2 white,73,terni,Terni,19.0,3.0
40,casa contea la nella,92,terni,Terni,21.0,3.0
41,casa di emma la,94,terni,Terni,90.0,3.0
42,appartamento exclusive house interamna intero use,97,terni,Terni,3.0,3.0
43,castagni collina dei la,134,terni,Terni,1.0,4.0
44,civico sessantasei,104,terni,Terni,6.0,3.0
45,66 civico,100,terni,Terni,9.0,3.0
46,alloggi matilde primavera,115,terni,Terni,1.0,3.0
47,bed rio,94,terni,Terni,4.0,3.0
48,af house,107,terni,Terni,6.0,
49,house lover the,82,terni,Terni,6.0,4.0
50,gli ospiti per tana,81,terni,Terni,66.0,3.0
51,centro in terni,124,terni,Terni,51.0,3.0
52,alloggi anna primavera,141,terni,Terni,,
53,casa di milly,80,terni,Terni,1.0,
54,la severa,94,terni,Terni,51.0,4.0
55,and bed breakfast san valentino,99,terni,Terni,46.0,3.0
56,acqua marmore,125,terni,Terni,82.0,3.0
57,bice house,144,terni,Terni,20.0,4.0
58,belvedere valenza,97,terni,Terni,14.0,3.0
59,alloggio e narni terni tra,128,terni,Terni,19.0,3.0
60,casa chiara vacanze,104,terni,Terni,3.0,4.0
61,alloggio bis casa di glenda la ospedale zona,94,terni,Terni,36.0,3.0
62,di ema fattoria la,69,terni,Terni,27.0,3.0
63,casa di glenda la ospedale,90,terni,Terni,23.0,3.0
64,bilocale degli innamorati,107,terni,Terni,57.0,3.0
65,cuore di terni,96,terni,Terni,,
66,frantoio pistelli,81,terni,Terni,6.0,
67,capriolo con del dimora e favolosa giardino parcheggio,216,terni,Terni,13.0,3.0
68,2 la severa,96,terni,Terni,11.0,4.0
69,15min ampio appartamento cuore e marmore terra,182,terni,Terni,,
70,sereno3 the,242,trionfale,Roma,10.0,4.0
71,apartments bonvoy by marriott piazza sonder venezia,322,pantheon,Roma,321.0,
72,guesthouse martin,69,villa borghese/parioli,Roma,267.0,4.0
73,astoria gate golden,110,stazione termini,Roma,1.0,
74,magnifico,107,stazione termini,Roma,781.0,4.0
75,ann inn,97,stazione termini,Roma,990.0,3.0
76,caesar hotel suite,79,stazione termini,Roma,659.0,
77,smoorooms trastevere,105,gianicolense,Roma,263.0,4.0
78,black colosseo rooms,110,monti,Roma,3.0,4.0
79,chigis terrace,350,,Roma,,4.0
80,central close di giada guesthouse leoni station to,103,stazione termini,Roma,264.0,3.0
81,guest house nori,87,monti,Roma,723.0,
82,ecce,125,stazione termini,Roma,489.0,4.0
83,comfy suite vatican,102,trionfale,Roma,797.0,4.0
84,4 house mori,119,centro,Roma,272.0,4.0
85,clara domus,90,stazione termini,Roma,500.0,3.0
86,guest house mc,84,san giovanni,Roma,538.0,
87,art navona suite,162,navona,Roma,1.0,4.0
88,guest house i love,113,vaticano prati,Roma,952.0,4.0
89,casa di iulia la,126,vaticano prati,Roma,366.0,4.0
90,guests heaven,91,,Roma,1.0,4.0
91,mecenate rooms,127,monti,Roma,446.0,4.0
92,castroni domus scipioni,126,vaticano prati,Roma,432.0,4.0
93,guest house love we,153,vaticano prati,Roma,974.0,4.0
94,colosseo relais,120,monti,Roma,513.0,4.0
95,oscar rooms,94,stazione termini,Roma,788.0,2.0
96,boutique guesthouse music peter st suites,163,vaticano prati,Roma,197.0,4.0
97,pantheon relais terrace,366,pantheon,Roma,907.0,
98,penthouse private suite suites,270,trevi,Roma,438.0,4.0
99,fiori hotel,150,monti,Roma,718.0,
100,city garden massimi,327,trionfale,Roma,1.0,
101,150 bhr cavour,170,monti,Roma,235.0,4.0
102,hotel pacific,237,trionfale,Roma,4.0,
103,collection di filippo mate romefontana room trevi,384,via veneto,Roma,1.0,
104,47 goldoni,286,spagna,Roma,268.0,
105,di my piazza spagna suites,205,spagna,Roma,616.0,4.0
106,little queen suite,243,pantheon,Roma,1.0,4.0
107,design g55 hotel,273,pantheon,Roma,753.0,
108,luxury parisii relais,251,via veneto,Roma,783.0,4.0
109,collection nikis trastevere,251,trastevere,Roma,1.0,4.0
110,boutique charme hotel spagna,249,spagna,Roma,1.0,
111,luxury navona,219,navona,Roma,875.0,4.0
112,collection condotti goldoni palazzo,440,spagna,Roma,383.0,4.0
113,inn minerva monks,206,pantheon,Roma,1.0,4.0
114,dei hotel papi relais,264,vaticano prati,Roma,3.0,
115,colonna inn,304,vaticano prati,Roma,131.0,4.0
116,jb luxury relais,201,navona,Roma,571.0,4.0
117,cancelleriadieci,198,navona,Roma,688.0,4.0
118,minerva relais,278,pantheon,Roma,604.0,4.0
119,ht maximus residence,256,colosseo,Roma,1.0,4.0
120,and apartment luxury rooms unique,188,villa borghese/parioli,Roma,813.0,4.0
121,blam gruppo hotel hotels parker,171,stazione termini,Roma,3.0,
122,278 cavour guest house,194,monti,Roma,447.0,4.0
123,angelo ronda st suites,192,navona,Roma,651.0,4.0
124,217 place the,207,vaticano prati,Roma,620.0,
125,2 apartment deluxe lungotevere testaccio,141,aventino,Roma,34.0,4.0
126,canova guesthouse residenza tadolini,188,spagna,Roma,558.0,4.0
127,campo il marzio,254,spagna,Roma,931.0,
128,argentina charme di relais residenze torre,282,pantheon,Roma,1.0,4.0
129,collection il monastero,166,aventino,Roma,1.0,
130,leutari residenza,259,navona,Roma,450.0,4.0
131,colosseo maison profumo,194,monti,Roma,403.0,4.0
132,colosseum drs romans ruins,464,monti,Roma,589.0,4.0
133,bonaparte residenza ruspoli,592,spagna,Roma,270.0,4.0
134,borromeo hotel,223,monti,Roma,4.0,
135,luxury mascagni rooms suites,569,stazione termini,Roma,745.0,
136,center generation hostel new,202,monti,Roma,3.0,
137,in love navona,430,navona,Roma,4.0,4.0
138,gallery house tarshito,185,stazione termini,Roma,299.0,4.0
139,abitart hotel,205,aventino,Roma,2.0,
140,barbieri dei hotel,244,pantheon,Roma,809.0,
141,corso rooms royal,304,spagna,Roma,315.0,4.0
142,51 di guest house luxury piazza spagna,391,spagna,Roma,52.0,4.0
143,di palace pantheon rienzo,221,pantheon,Roma,533.0,4.0
144,charme chic luxury,304,pantheon,Roma,764.0,4.0
145,grand suite trinità,174,spagna,Roma,589.0,4.0
146,hotel pax,253,spagna,Roma,1.0,4.0
147,70 guest house maison my,204,stazione termini,Roma,505.0,4.0
148,cola di in residenza rienzo suite,135,vaticano prati,Roma,308.0,4.0
149,boutique corso luxury rooms,306,spagna,Roma,426.0,4.0
150,rex romae suites,211,monti,Roma,462.0,4.0
151,ca collection domus escape luxury suite,209,trevi,Roma,1.0,
152,nazionale vibe,156,monti,Roma,1.0,
153,flaminio gaio residenza,187,villa borghese/parioli,Roma,1.0,4.0
154,peter rooms six st suites,282,vaticano prati,Roma,391.0,4.0
155,romehello the,161,stazione termini,Roma,7.0,
156,ara inn pacis,226,vaticano prati,Roma,671.0,4.0
157,alexis hotel,182,stazione termini,Roma,1.0,
158,hotel orazio palace,234,vaticano prati,Roma,1.0,
159,collection suites top trastevere,156,trastevere,Roma,1.0,4.0
160,babuino palacesuites,337,spagna,Roma,659.0,4.0
161,by fleming grand hotel hotels omnia,156,tor quinto,Roma,2.0,
162,60 circle collection di piazza spagna suites,465,spagna,Roma,121.0,4.0
163,by collection mellini palace premium suites suites,237,vaticano prati,Roma,636.0,4.0
164,apartment merulana suite,205,monti,Roma,304.0,4.0
165,al corso residenza suites,184,spagna,Roma,525.0,4.0
166,bramble luxury suites,322,trevi,Roma,915.0,
167,place tb,532,spagna,Roma,795.0,
168,2 pantheon suites,230,pantheon,Roma,207.0,3.0
169,operà pinciana suites,224,via veneto,Roma,1.0,4.0
170,domus luxury suites xxiv,168,vaticano prati,Roma,732.0,4.0
171,hotel impero,173,stazione termini,Roma,5.0,
172,hotel moderno,175,stazione termini,Roma,1.0,
173,caravel hotel,140,ostiense,Roma,1.0,
174,109 guest house maison my,210,stazione termini,Roma,594.0,4.0
175,erreggi luxury rooms,181,vaticano prati,Roma,1.0,4.0
176,cavallini residenza,187,vaticano prati,Roma,1.0,3.0
177,gentile suites,179,vaticano prati,Roma,269.0,4.0
178,a checkin fashion residenza rooms self veneto via,178,via veneto,Roma,560.0,4.0
179,suites veneto via,227,via veneto,Roma,521.0,4.0
180,check in mater roomssuites self,169,pantheon,Roma,508.0,4.0
181,24 carrara,147,villa borghese/parioli,Roma,1.0,4.0
182,hotel le petit,190,stazione termini,Roma,3.0,
183,art atelier borgo,269,vaticano prati,Roma,976.0,4.0
184,fabio guest house massimo,191,vaticano prati,Roma,935.0,4.0
185,casa giuseppe san,154,san giovanni,Roma,2.0,
186,passepartout,246,navona,Roma,628.0,4.0
187,guesthouse in stanza una,183,vaticano prati,Roma,461.0,4.0
188,guest home house may,165,stazione termini,Roma,81.0,4.0
189,ripetta telier,184,spagna,Roma,33.0,4.0
190,alea home,100,trionfale,Roma,630.0,4.0
191,campo de fiori spanish suite the,255,navona,Roma,1.0,3.0
192,di golden piazza rooms spagna,176,spagna,Roma,633.0,3.0
193,vatican,162,vaticano prati,Roma,642.0,4.0
194,maison pellegrino,205,navona,Roma,279.0,4.0
195,elical suites vatican,255,navona,Roma,104.0,4.0
196,seven,195,stazione termini,Roma,1.0,4.0
197,cicerones luxury suites,158,vaticano prati,Roma,141.0,4.0
198,affreschi al pantheon,247,pantheon,Roma,250.0,4.0
199,55 basilio,221,centro,Roma,645.0,3.0
200,borgognona rooms,214,spagna,Roma,432.0,4.0
201,by collection eitch hotel steps the,253,spagna,Roma,386.0,
202,collection liberty liberty suites vatican,176,vaticano prati,Roma,714.0,3.0
203,relais vatican,198,vaticano prati,Roma,336.0,4.0
204,chilling just suite,186,monti,Roma,1.0,4.0
205,di esperienze maison piazza spagna una,274,spagna,Roma,268.0,
206,monti salotto,213,monti,Roma,1.0,
207,alcova romantic trevi,215,trevi,Roma,412.0,3.0
208,castellino hotel,335,trevi,Roma,1.0,
209,american eur hotel palace,135,eur,Roma,6.0,
210,ludus rooms,414,monti,Roma,484.0,4.0
211,mocenigo suites vatican,192,trionfale,Roma,419.0,4.0
212,excel hotel lh montemario,88,trionfale,Roma,3.0,
213,camplus centro hotel,180,stazione termini,Roma,1.0,
214,palazzetto trevi,268,trevi,Roma,932.0,4.0
215,hotel madison,184,stazione termini,Roma,1.0,
216,house intown luxury,208,spagna,Roma,462.0,4.0
217,didavi guest house,127,,Roma,528.0,4.0
218,by fleming hili suites,131,tor quinto,Roma,643.0,4.0
219,arenula suites,221,navona,Roma,881.0,4.0
220,coronari palace,259,navona,Roma,720.0,
221,ff frattina italian suites,175,spagna,Roma,920.0,4.0
222,grand hotel plaza,376,spagna,Roma,526.0,
223,800 atelier boutique hotel,202,navona,Roma,691.0,
224,hotel talent the,524,pantheon,Roma,607.0,
225,bb freedom love,202,stazione termini,Roma,995.0,4.0
226,suite tankara,227,trastevere,Roma,565.0,4.0
227,aventino beplace,178,aventino,Roma,750.0,4.0
228,hotel latinum,152,stazione termini,Roma,503.0,
229,pirandello villa,134,nomentano,Roma,818.0,
230,collection dc spagna,312,spagna,Roma,334.0,4.0
231,by dei eur holiday ihg inn medici parco,190,magliana vecchia,Roma,4.0,
232,by crowne ihg peters plaza st,245,,Roma,1.0,
233,rohome stay,239,monti,Roma,265.0,4.0
234,aran occidental park,128,giuliano-dalmata,Roma,3.0,
235,candia house luxury maison,189,trionfale,Roma,697.0,4.0
236,gioberti termini,191,stazione termini,Roma,466.0,4.0
237,inn marta,193,monti,Roma,519.0,4.0
238,farnese hotel in residenza,285,navona,Roma,1.0,
239,fiera ibis,108,magliana vecchia,Roma,4.0,
240,al hill hotel inn viminale,192,stazione termini,Roma,577.0,
241,apartments splendor suite suites,248,spagna,Roma,344.0,4.0
242,pierret residenza,266,spagna,Roma,265.0,4.0
243,corner hotel the,282,aventino,Roma,315.0,
244,maison tritone,321,trevi,Roma,686.0,4.0
245,best rooms scipioni,175,vaticano prati,Roma,441.0,4.0
246,apartments cavour joivy luxury,298,monti,Roma,533.0,4.0
247,2 hotel positano,98,stazione termini,Roma,1.0,
248,hotel hotels leading of royal splendide the the world,598,via veneto,Roma,566.0,
249,boutique hotel luxury,152,vaticano prati,Roma,1.0,4.0
250,navona starhome,210,navona,Roma,510.0,4.0
251,hotel mecenate palace,271,stazione termini,Roma,2.0,
252,first hotels musica preferred resorts the,537,vaticano prati,Roma,622.0,
253,cappuccini casa i,164,via veneto,Roma,1.0,
254,garden guest house orange,287,vaticano prati,Roma,801.0,4.0
255,guest house xenia,224,navona,Roma,665.0,4.0
256,musa rooms,164,stazione termini,Roma,332.0,3.0
257,albani hotel,150,,Roma,1.0,
258,nazionale palace suites,206,stazione termini,Roma,319.0,4.0
259,colosseo guest house,184,monti,Roma,552.0,4.0
260,42 habitat roman stay,155,vaticano prati,Roma,8.0,4.0
261,di fontana luxury private trevi,366,trevi,Roma,12.0,4.0
262,boho colosseum suites,251,monti,Roma,191.0,4.0
263,87 collection dart eightyseven hotel maison,251,spagna,Roma,2.0,
264,bb vatication,147,vaticano prati,Roma,1.0,4.0
265,48 by collection muzio premium private suites suites,247,vaticano prati,Roma,810.0,4.0
266,giuditta in trastevere,275,trastevere,Roma,463.0,4.0
267,hotel ripa,179,gianicolense,Roma,2.0,
268,affittacamere boncompagni suite,154,centro,Roma,486.0,4.0
269,hotel lunetta,424,navona,Roma,808.0,
270,hotel windrose,228,stazione termini,Roma,1.0,
271,hotel jc,170,fonte ostiense,Roma,1.0,
272,my spanishsteps,258,spagna,Roma,297.0,4.0
273,213 domus guest house,218,villa borghese/parioli,Roma,195.0,4.0
274,eur ibis styles,178,eur,Roma,3.0,
275,generator,173,stazione termini,Roma,4.0,
276,mascherino suites,203,vaticano prati,Roma,262.0,4.0
277,artemis,218,stazione termini,Roma,933.0,4.0
278,collection luxury plaza suites,300,villa borghese/parioli,Roma,381.0,4.0
279,giovanni retreat san,210,stazione termini,Roma,279.0,4.0
280,catone luxury rooms,181,vaticano prati,Roma,532.0,4.0
281,52 milano via,162,monti,Roma,612.0,4.0
282,boutique hotel piranesi residenza,376,spagna,Roma,1.0,
283,croce di hotel malta,165,spagna,Roma,2.0,
284,luxury new rooms trastevere,181,gianicolense,Roma,262.0,4.0
285,luxury suites vittoriano,274,pantheon,Roma,1.0,4.0
286,giorgina hotel,193,stazione termini,Roma,3.0,
287,hotel navona street,249,navona,Roma,694.0,
288,delite home navona,422,navona,Roma,25.0,4.0
289,augusta lucilla palace,201,stazione termini,Roma,4.0,
290,a holiday pietro san,162,aurelio,Roma,595.0,4.0
291,inn rooms suites,196,navona,Roma,920.0,4.0
292,glori hotel villa,802,villa borghese/parioli,Roma,2.0,
293,10 150m alis and bologna colosseum from from guest house laura metro minutes piazza the,377,nomentano,Roma,549.0,4.0
294,central navona suites,246,spagna,Roma,852.0,4.0
295,aurea domus luxury suites,253,monti,Roma,175.0,4.0
296,di gea hotel vulcano,219,stazione termini,Roma,1.0,
297,hotel viminale,386,monti,Roma,1.0,
298,boutique charme hotel parliament tree,402,spagna,Roma,2.0,
299,mia resort,220,spagna,Roma,835.0,3.0
300,dei di monti piazza spagna trinità,203,via veneto,Roma,512.0,4.0
301,hotel piemonte,176,stazione termini,Roma,1.0,
302,domus ester,130,navona,Roma,1.0,3.0
303,capranica torre,217,pantheon,Roma,212.0,4.0
304,magenta navona pantheon,180,pantheon,Roma,460.0,4.0
305,apartment bloom by griffe la,161,stazione termini,Roma,1.0,4.0
306,affreschi bb luxury su,241,navona,Roma,790.0,4.0
307,residenza spada,284,navona,Roma,577.0,4.0
308,hotel valeri,178,monti,Roma,1.0,
309,hotel ii paolo,206,aurelio,Roma,1.0,
310,homestay trastevere,166,gianicolense,Roma,93.0,4.0
311,in quality,242,monti,Roma,513.0,4.0
312,flaminio popolo rooms,192,villa borghese/parioli,Roma,913.0,4.0
313,excellent rooms trinity,185,via veneto,Roma,378.0,4.0
314,mybedcavour,204,vaticano prati,Roma,345.0,4.0
315,rooms trinita,138,vaticano prati,Roma,122.0,4.0
316,hotel triviho,255,trevi,Roma,570.0,
317,hiberia hotel,237,trevi,Roma,4.0,
318,angelo castel fresh house sant,283,trastevere,Roma,23.0,4.0
319,by collection lahouse premium suites,180,via veneto,Roma,480.0,4.0
320,308 charme,340,navona,Roma,646.0,4.0
321,borgo ripa travel urban,160,trastevere,Roma,1.0,
322,luxury river suites,196,vaticano prati,Roma,432.0,4.0
323,la vaticana vite,146,vaticano prati,Roma,703.0,4.0
324,dartagnan i moschettieri tre,323,trevi,Roma,1.0,4.0
325,dom hotel hotels preferred resorts,572,navona,Roma,473.0,
326,accommodation in leading luxury suites the vatican,192,vaticano prati,Roma,668.0,3.0
327,domus sessoriana,268,stazione termini,Roma,1.0,3.0
328,comfort di piazza rooms spagna,136,spagna,Roma,588.0,3.0
329,navona rooms,237,navona,Roma,534.0,4.0
330,cinecittà mercure,176,appio latino,Roma,4.0,
331,augusto charme luxury suites tree,259,spagna,Roma,1.0,
332,a hotel lifestyle,248,,Roma,4.0,
333,condotti crossing,437,spagna,Roma,261.0,4.0
334,hotel medici,183,centro,Roma,2.0,
335,capitolium rooms,164,stazione termini,Roma,476.0,4.0
336,b place the,166,vaticano prati,Roma,1.0,
337,dellorso lantica locanda,135,navona,Roma,1.0,3.0
338,borromini eitch palazzo pamphilj,541,navona,Roma,710.0,
339,antica corso del residenza,216,spagna,Roma,1.0,4.0
340,nox,205,vaticano prati,Roma,970.0,4.0
341,boutique hotel leonardo termini,194,stazione termini,Roma,1.0,
342,colonna couper the,204,pantheon,Roma,994.0,4.0
343,a bb scalini trastevere ventisei,205,trastevere,Roma,1.0,4.0
344,9 cloud hotel,145,vaticano prati,Roma,745.0,
345,boutique condominio hotel monti,307,monti,Roma,1.0,
346,mama shelter,307,trionfale,Roma,2.0,
347,cavour piazza suite,179,vaticano prati,Roma,1.0,4.0
348,di hotel re,141,san giovanni,Roma,4.0,
349,andreotti hotel lh,130,stazione termini,Roma,3.0,
350,247 luxury rooms trastevere,165,gianicolense,Roma,632.0,4.0
351,230 luxury room suites,195,stazione termini,Roma,689.0,4.0
352,hotel pantheon,384,pantheon,Roma,746.0,
353,55 collection dart fiftyfive hotel maison,221,spagna,Roma,6.0,
354,lungotevere suite,140,portuense,Roma,1.0,4.0
355,hoxton the,312,,Roma,2.0,
356,guest house suites vite,172,spagna,Roma,369.0,4.0
357,hotel navona theatre,261,navona,Roma,1.0,
358,bb dulcis in vatican,147,trionfale,Roma,414.0,4.0
359,181 babuino hotels luxury of small the world,285,spagna,Roma,729.0,
360,and chilling deluxe guesthouse jacuzzi rooms suite,179,vaticano prati,Roma,514.0,4.0
361,by hotel hotels martin omnia st,191,stazione termini,Roma,1.0,
362,apartment peter rizzo st,255,trionfale,Roma,115.0,4.0
363,best hotel plus universo western,265,stazione termini,Roma,4.0,
364,hotel silva,149,nomentano,Roma,454.0,
365,delle hotel muse,201,villa borghese/parioli,Roma,1.0,
366,carlo san suite,233,spagna,Roma,676.0,4.0
367,interno,123,stazione termini,Roma,425.0,4.0
368,atlantis inn,166,vaticano prati,Roma,627.0,4.0
369,forum imperial relais,172,monti,Roma,1.0,4.0
370,139 merulana suites,151,monti,Roma,556.0,3.0
371,atlante hotel star,410,vaticano prati,Roma,1.0,
372,hotel pace teatro,213,navona,Roma,1.0,
373,hub social the,148,,Roma,319.0,
374,concept hotel terrace,277,trevi,Roma,1.0,
375,jacuzzi rooms,155,vaticano prati,Roma,817.0,4.0
376,conciliazione della hotel,312,vaticano prati,Roma,2.0,
377,navona queen rooftop,329,navona,Roma,1.0,4.0
378,boutique hotel liberty the,354,stazione termini,Roma,943.0,
379,boncompagni maison,217,centro,Roma,30.0,4.0
380,best globus hotel western,178,nomentano,Roma,2.0,
381,history suite,184,pantheon,Roma,683.0,4.0
382,metropole starhotels,262,stazione termini,Roma,2.0,
383,colosseo living suites,207,monti,Roma,163.0,4.0
384,auditorium mecenate,259,stazione termini,Roma,922.0,4.0
385,boutique galatea hotel,199,monti,Roma,1.0,
386,hotel palace trevi,239,monti,Roma,882.0,
387,56 accommodation luxury orange street,199,spagna,Roma,144.0,4.0
388,domna luxury suites,310,pantheon,Roma,261.0,4.0
389,hotel nord nuova,242,stazione termini,Roma,3.0,
390,hotel smeraldo,222,pantheon,Roma,2.0,
391,casa guesthouse mia,111,aurelio,Roma,406.0,
392,bar harrys hotel restaurant trevi,498,trevi,Roma,1.0,
393,hotel settembre xx,129,stazione termini,Roma,38.0,
394,hotel martis palace,473,navona,Roma,502.0,
395,boutique condotti hotel,311,spagna,Roma,2.0,
396,di la maison santanna,192,pantheon,Roma,721.0,4.0
397,al gruppo hotel hotels manthia trevi,203,trevi,Roma,794.0,
398,maison maneli,147,vaticano prati,Roma,308.0,4.0
399,aranci degli hotel,153,villa borghese/parioli,Roma,1.0,
400,allorologio,148,navona,Roma,606.0,4.0
401,dei hotel mellini,310,vaticano prati,Roma,292.0,
402,apartment meadows vatican,196,vaticano prati,Roma,11.0,4.0
403,h501 luxury rooms,237,via veneto,Roma,353.0,4.0
404,caterina domus santa,131,stazione termini,Roma,1.0,4.0
405,barberini dolce la vita,167,trevi,Roma,661.0,4.0
406,di garibaldi piazza spagna suites,225,spagna,Roma,423.0,4.0
407,504 corso suites,208,spagna,Roma,304.0,4.0
408,capranica private suites,346,pantheon,Roma,1.0,4.0
409,cavour inn relais,197,stazione termini,Roma,880.0,4.0
410,de medici parco sheraton,185,magliana vecchia,Roma,1.0,
411,hotel marriott park,200,magliana vecchia,Roma,2.0,
412,aureum convivium,186,trionfale,Roma,246.0,3.0
413,style the,410,spagna,Roma,1.0,
414,del portico relais,229,pantheon,Roma,426.0,4.0
415,albergo marechiaro,143,stazione termini,Roma,806.0,
416,clarisse le pantheon,289,pantheon,Roma,808.0,
417,esposizione luxury,244,monti,Roma,385.0,
418,code hotel the,249,spagna,Roma,1.0,
419,good life veneto via,216,via veneto,Roma,428.0,3.0
420,colosseo house,481,monti,Roma,207.0,4.0
421,9 di piazza spagna,518,spagna,Roma,341.0,4.0
422,33 laurina,215,spagna,Roma,282.0,4.0
423,arti delle residenza,214,trastevere,Roma,425.0,4.0
424,california hotel,149,stazione termini,Roma,4.0,
425,guest house rhome,184,stazione termini,Roma,807.0,4.0
426,2b,135,centro,Roma,866.0,4.0
427,incentrum,210,spagna,Roma,686.0,4.0
428,luxury rooms teulada,152,,Roma,110.0,4.0
429,charme chic,159,spagna,Roma,592.0,4.0
430,by chloe suites,211,trevi,Roma,461.0,3.0
431,home mamas,299,navona,Roma,332.0,4.0
432,dreams sweet,181,monti,Roma,625.0,4.0
433,hotel locarno,599,spagna,Roma,734.0,
434,lilla musei suites vaticani,177,vaticano prati,Roma,67.0,4.0
435,deste hotel,191,stazione termini,Roma,3.0,
436,condotti palace,531,spagna,Roma,995.0,
437,suitelifetrevi,299,trevi,Roma,714.0,4.0
438,bang big hotel,139,stazione termini,Roma,1.0,
439,house luiza vatican,131,vaticano prati,Roma,197.0,4.0
440,cardinal hotel peter st,177,aurelio,Roma,3.0,
441,anas place prime,162,stazione termini,Roma,1.0,3.0
442,24 close collection collina suites to veneto via vivilo,127,centro,Roma,1.0,4.0
443,aurelia ibis styles,130,aurelio,Roma,1.0,
444,arch suites,251,pantheon,Roma,1.0,4.0
445,apartment luxe piazza venezia,311,trevi,Roma,6.0,4.0
446,hotel seiler,168,stazione termini,Roma,2.0,
447,1 appartamento casa e magenta moro per vacanze,363,trastevere,Roma,149.0,4.0
448,essence hotel navona,161,navona,Roma,1.0,
449,hub pantheon,250,pantheon,Roma,439.0,4.0
450,maison spagna suites,194,spagna,Roma,652.0,4.0
451,paolo residenza vi,502,vaticano prati,Roma,868.0,
452,academy creative hotel mytale,266,monti,Roma,732.0,
453,daplace in la mongolfiera navona rooms,178,navona,Roma,745.0,4.0
454,art ca collection domus spagna suites,242,spagna,Roma,558.0,4.0
455,yellowsquare,209,stazione termini,Roma,2.0,
456,b boutique hotel saint stb,293,via veneto,Roma,656.0,
457,pura vida,127,vaticano prati,Roma,371.0,4.0
458,caruso palazzo,323,trevi,Roma,252.0,
459,eur novotel,192,torrino,Roma,2.0,
460,ottaviano rooms smart,126,vaticano prati,Roma,711.0,4.0
461,ave residenza,156,navona,Roma,562.0,4.0
462,inn luxury navona palace,241,navona,Roma,551.0,4.0
463,comfort prati,131,vaticano prati,Roma,837.0,4.0
464,lion luxury rooms,223,trastevere,Roma,353.0,4.0
465,gemelli hotel,137,,Roma,1.0,
466,giubbonari suites,208,navona,Roma,514.0,4.0
467,basilica hotel,156,monti,Roma,2.0,
468,experience inn luxury stay suites,205,vaticano prati,Roma,152.0,4.0
469,house iv,305,navona,Roma,231.0,4.0
470,guest house navona secret stay,192,navona,Roma,268.0,3.0
471,19 hotels luxury margutta of small the world,560,spagna,Roma,406.0,
472,adriatic hotel,139,vaticano prati,Roma,1.0,
473,parlamento relais,155,spagna,Roma,619.0,4.0
474,astrid best hotel western,124,villa borghese/parioli,Roma,2.0,
475,navona terrazze,218,navona,Roma,857.0,4.0
476,hotel navona,230,pantheon,Roma,2.0,
477,julia luxury suite,145,stazione termini,Roma,348.0,4.0
478,hotel in leons place,299,centro,Roma,1.0,
479,imperiale top,134,trastevere,Roma,1.0,3.0
480,by collection premium private suites suites trevi,247,trevi,Roma,498.0,4.0
481,navona stay,232,navona,Roma,497.0,
482,contilia hotel,166,stazione termini,Roma,1.0,
483,ah,88,,Roma,899.0,
484,campo24 guesthouse,133,navona,Roma,413.0,4.0
485,hostel trastevere,201,gianicolense,Roma,3.0,
486,hotels luxury of palm small suites the world,562,monti,Roma,352.0,4.0
487,inn nakissa,216,monti,Roma,1.0,4.0
488,palazzo venere,454,spagna,Roma,294.0,
489,britannia hotel the,236,stazione termini,Roma,1.0,
490,palazzo ripetta,592,spagna,Roma,440.0,
491,hotel palace pineta,139,,Roma,1.0,
492,hotel santangelo,144,vaticano prati,Roma,5.0,
493,luxurious ripetta suites,149,spagna,Roma,1.0,4.0
494,giuliana rooftop terrazza,134,vaticano prati,Roma,348.0,4.0
495,albergo chiara hotel santa,233,pantheon,Roma,1.0,
496,house town,196,trevi,Roma,792.0,4.0
497,apartments collection dart h77 maison,244,monti,Roma,66.0,3.0
498,floris hotel,250,stazione termini,Roma,2.0,
499,margherita suites,169,vaticano prati,Roma,444.0,3.0
500,77 collection dart hotel maison seventyseven,228,monti,Roma,3.0,
501,boutique croce della suites,248,spagna,Roma,261.0,4.0
502,garden suites vittoria,126,stazione termini,Roma,327.0,4.0
503,hotel valadier,249,spagna,Roma,2.0,
504,apartment suite trastevere,241,trastevere,Roma,49.0,4.0
505,griffe hotel la,210,stazione termini,Roma,5.0,
506,first navona rooms,189,navona,Roma,803.0,4.0
507,campo de fiori house town,188,navona,Roma,391.0,4.0
508,arena daplace house,147,colosseo,Roma,654.0,4.0
509,giulia relais,179,navona,Roma,887.0,4.0
510,best hotel premier royal santina western,231,stazione termini,Roma,3.0,
511,centro relais,234,trevi,Roma,832.0,4.0
512,mood44,548,spagna,Roma,488.0,4.0
513,de lobelisque luxe maison,157,spagna,Roma,665.0,4.0
514,magikrooms topaz,150,vaticano prati,Roma,257.0,4.0
515,jadore monic,115,nomentano,Roma,1.0,4.0
516,hotel lazzari,100,stazione termini,Roma,1.0,
517,hotel twentyone,239,vaticano prati,Roma,3.0,
518,everest hotel inn,170,stazione termini,Roma,1.0,
519,beplace holy see,193,aurelio,Roma,287.0,4.0
520,hotel major the,332,monti,Roma,1.0,
521,cp guest house luxury,111,gianicolense,Roma,22.0,4.0
522,gladiatore il,190,aventino,Roma,760.0,3.0
523,a ripagrande trastevere,243,trastevere,Roma,576.0,4.0
524,duelle suite vatican,141,vaticano prati,Roma,252.0,4.0
525,chic luxury rooms town,177,spagna,Roma,999.0,4.0
526,borgognoni dei hotel,362,spagna,Roma,360.0,
527,e hotel noba residenze,139,monte sacro,Roma,1.0,
528,da me suites,175,spagna,Roma,1.0,4.0
529,house sofia vatican,302,trionfale,Roma,145.0,4.0
530,centro rattazzi,181,stazione termini,Roma,140.0,4.0
531,casa in mia trastevere,237,trastevere,Roma,1.0,
532,est novotel,143,,Roma,280.0,
533,cardinali city dei hotel palazzo,208,spagna,Roma,1.0,
534,galla h10 palazzo,345,trevi,Roma,2.0,
535,apartment babuino luxury serviced the,1283,spagna,Roma,112.0,4.0
536,collection colosseum mate mia room,275,colosseo,Roma,1.0,
537,at filiberto home townhouse,177,stazione termini,Roma,662.0,4.0
538,hostel mosaic,109,stazione termini,Roma,5.0,
539,luxury pantheonview suites,266,pantheon,Roma,961.0,4.0
540,natural ripetta suites,149,spagna,Roma,703.0,4.0
541,hotel ht6,366,pantheon,Roma,1.0,
542,107 corso rooms spa suite wellness,240,spagna,Roma,754.0,4.0
543,vaticano84,169,trionfale,Roma,356.0,4.0
544,luxury piazza suite venezia,374,trevi,Roma,228.0,4.0
545,citizenm isola tiberina,304,pantheon,Roma,2.0,
546,glam luxury,162,monti,Roma,473.0,
547,room select veneto via,187,via veneto,Roma,2.0,
548,iron luxury rooms,196,stazione termini,Roma,527.0,4.0
549,by garden hotels omnia palace rose,267,via veneto,Roma,222.0,
550,belltower elegans,180,stazione termini,Roma,575.0,4.0
551,barberini hotel,364,trevi,Roma,1.0,
552,boutique hotel piccolo,130,trionfale,Roma,1.0,4.0
553,campo de fiori jb relais,205,navona,Roma,300.0,4.0
554,hotel miami,173,stazione termini,Roma,3.0,
555,di elisa le stanze,152,vaticano prati,Roma,335.0,4.0
556,building hotel the,216,stazione termini,Roma,2.0,
557,cancello deluxe magenta,176,spagna,Roma,717.0,4.0
558,coronari luxury suite,390,navona,Roma,26.0,4.0
559,hotel pinewood,153,aurelio,Roma,1.0,
560,hotel tirreno,172,monti,Roma,809.0,
561,al bb colosseo quattro santi,171,colosseo,Roma,1.0,4.0
562,21 domus luxury suites,421,pantheon,Roma,454.0,4.0
563,royal suite trastevere trilussa,216,trastevere,Roma,637.0,4.0
564,bedbreakfast menna,165,stazione termini,Roma,41.0,4.0
565,artis hotel,118,,Roma,1.0,
566,hotel sisto v,142,,Roma,1.0,
567,ki residenza,166,trevi,Roma,1.0,3.0
568,habitat monti,215,monti,Roma,1.0,4.0
569,suites,243,spagna,Roma,298.0,4.0
570,colosseum resort,164,stazione termini,Roma,3.0,3.0
571,di ripetta spanish suite the via,232,spagna,Roma,448.0,3.0
572,golden piram tulip,242,stazione termini,Roma,2.0,
573,four rivers suites,236,navona,Roma,1.0,4.0
574,colors trastevere,191,trastevere,Roma,978.0,4.0
575,decò hotels una,273,stazione termini,Roma,3.0,
576,charmsuite raffaello,172,navona,Roma,518.0,4.0
577,apartment daplace sofia,510,spagna,Roma,72.0,4.0
578,di fiumi i navona,183,navona,Roma,566.0,4.0
579,central irooms station,163,monti,Roma,747.0,4.0
580,boutique hotel one spa the,371,trevi,Roma,886.0,
581,domus prati,175,vaticano prati,Roma,772.0,3.0
582,area eur garden,133,ostiense,Roma,2.0,
583,city guest house vatican,181,vaticano prati,Roma,174.0,3.0
584,hotel katty,159,stazione termini,Roma,799.0,
585,collection di filippo gran mate romefontana room trevi,393,via veneto,Roma,266.0,
586,castrense residenza,158,nomentano,Roma,365.0,4.0
587,domus ecclesia inn vatican,142,trionfale,Roma,234.0,4.0
588,dei hotel quiriti,231,vaticano prati,Roma,1.0,
589,la residenza,275,via veneto,Roma,1.0,
590,cesare giulio guest house viale,125,vaticano prati,Roma,679.0,4.0
591,hotel je,326,trevi,Roma,31.0,
592,rooms terrace the vista,209,pantheon,Roma,722.0,4.0
593,core de suites,128,trastevere,Roma,840.0,4.0
594,belli inn residenza,129,trastevere,Roma,1.0,3.0
595,07 flat new opening,375,stazione termini,Roma,139.0,4.0
596,37 de fiori mario,365,spagna,Roma,561.0,
597,hotel principe torlonia,180,nomentano,Roma,992.0,
598,antica dellorso dimora,134,spagna,Roma,544.0,3.0
599,alberico domus,428,vaticano prati,Roma,439.0,4.0
600,affittacamere barberini casa guesthouse o,149,via veneto,Roma,948.0,4.0
601,boutique hotel luna magica,196,centro,Roma,641.0,
602,house key luxury,131,nomentano,Roma,454.0,4.0
603,hotel lorenzo maria san villa,197,san lorenzo,Roma,2.0,
604,308 corso vittorio,191,navona,Roma,467.0,4.0
605,aurelia by garner hotel ihg,151,aurelio,Roma,1.0,
606,cavour centro hotel,172,monti,Roma,2.0,
607,k rooms,146,stazione termini,Roma,580.0,3.0
608,garden hotel marcella rooftop royal,270,centro,Roma,503.0,
609,chotels club house,151,aurelio,Roma,6.0,
610,barocco hotel,349,via veneto,Roma,1.0,
611,adesso hotel,195,nomentano,Roma,2.0,
612,57 house town,190,vaticano prati,Roma,496.0,4.0
613,hotel marcaurelio,188,aurelio,Roma,1.0,
614,66 hotel monti,182,monti,Roma,554.0,
615,giuliana home luxury vatican,339,vaticano prati,Roma,65.0,4.0
616,a bb of peace,214,vaticano prati,Roma,746.0,4.0
617,anthony guesthouse,162,stazione termini,Roma,355.0,4.0
618,crosti hotel,231,stazione termini,Roma,3.0,
619,carpegna nh villa,194,aurelio,Roma,2.0,
620,circo massimo relais,192,aventino,Roma,498.0,4.0
621,hotel indipendenza,97,stazione termini,Roma,1.0,
622,dei eur parco pini villa,145,eur,Roma,4.0,
623,blu ghr radisson,284,villa borghese/parioli,Roma,2.0,
624,capricci romani,253,vaticano prati,Roma,508.0,4.0
625,inn pantheon,236,pantheon,Roma,2.0,4.0
626,cavour relais,162,vaticano prati,Roma,567.0,4.0
627,castello porta suites,257,vaticano prati,Roma,428.0,4.0
628,prestige rooms veneto via,236,trevi,Roma,1.0,4.0
629,hotel pinciana villa,253,via veneto,Roma,568.0,
630,innside,158,aurelio,Roma,295.0,4.0
631,bb biancorè,247,monti,Roma,403.0,4.0
632,monti relais,252,monti,Roma,1.0,4.0
633,hotel trastevere,152,trastevere,Roma,1.0,
634,ac ii more much,188,stazione termini,Roma,690.0,3.0
635,hotel labelle,164,monti,Roma,1.0,
636,domidea hotel,207,,Roma,1.0,
637,grand hotel tiberio,141,trionfale,Roma,2.0,
638,argentina hotel residenza style,260,pantheon,Roma,1.0,
639,ac by clodio hotel marriott,210,,Roma,105.0,
640,empire hotels una,201,via veneto,Roma,2.0,
641,rose suite,174,stazione termini,Roma,664.0,4.0
642,hotel rimini,104,stazione termini,Roma,1.0,
643,agorà hotel,122,stazione termini,Roma,2.0,
644,garden hotel urban,171,tiburtino,Roma,1.0,
645,otto photogallery rooms,237,vaticano prati,Roma,248.0,4.0
646,163 boutique hotel,229,monti,Roma,280.0,
647,arcangelo hotel,215,vaticano prati,Roma,1.0,
648,le petit real,163,stazione termini,Roma,583.0,4.0
649,flavia giotto,132,centro,Roma,1.0,
650,albergo barberini delle di fontana regioni trevi,302,trevi,Roma,1.0,
651,alpi hotel,204,stazione termini,Roma,2.0,
652,cosima daplace palazzina,536,trastevere,Roma,35.0,4.0
653,ad ad by cavour luxury rooms,134,vaticano prati,Roma,400.0,4.0
654,hotel julia,155,trevi,Roma,1.0,
655,suitedreams,308,stazione termini,Roma,948.0,4.0
656,meininger termini,159,stazione termini,Roma,2.0,
657,boutique esposizione,208,monti,Roma,483.0,
658,bw canada collection hotel premier,177,stazione termini,Roma,1.0,
659,elegance suite trevi,155,trevi,Roma,526.0,4.0
660,casa casa dolce,165,ostiense,Roma,1.0,3.0
661,boutique doria hotel palace,211,monti,Roma,1.0,
662,affittacamere civetta di guesthouse la o trastevere,249,trastevere,Roma,767.0,4.0
663,6 by dot floor suites,149,stazione termini,Roma,605.0,3.0
664,bv hotel oly,189,ostiense,Roma,1.0,
665,hotel radio,107,portuense,Roma,2.0,
666,charme di hotel metropolis,205,vaticano prati,Roma,444.0,
667,treasure vatican,225,vaticano prati,Roma,747.0,3.0
668,collection grand liberty suites tour,201,vaticano prati,Roma,925.0,3.0
669,51 suites,190,aurelio,Roma,211.0,4.0
670,centro collection nh,322,vaticano prati,Roma,1.0,
671,guest house imperial rhome,419,monti,Roma,265.0,4.0
672,baileys bb hotels smarthotel,214,centro,Roma,2.0,
673,chateau hotel river,192,tor quinto,Roma,1.0,
674,relais servio tullio,281,stazione termini,Roma,373.0,4.0
675,living navona,271,navona,Roma,442.0,4.0
676,suites unica,300,trevi,Roma,673.0,4.0
677,crescenzio domus guest house,161,vaticano prati,Roma,315.0,4.0
678,bello colosseo ostello,276,monti,Roma,2.0,
679,diamants les,243,spagna,Roma,290.0,4.0
680,aparthotel hisuite,612,navona,Roma,428.0,4.0
681,caravita hotel,377,pantheon,Roma,987.0,
682,art aurelius gallery hotel,142,aurelio,Roma,1.0,
683,navona palace sky,233,navona,Roma,777.0,4.0
684,gruppo hotel hotels rinascimento trevi,284,navona,Roma,361.0,
685,di piazza rome55 spagna,327,spagna,Roma,131.0,
686,chapter,290,pantheon,Roma,1.0,
687,inn rooms target,159,stazione termini,Roma,597.0,3.0
688,hotel patria,164,stazione termini,Roma,1.0,
689,house mantegna precise,177,ardeatino,Roma,1.0,
690,relais veneto,139,centro,Roma,2.0,4.0
691,94rooms guest house vatican vigliena,117,vaticano prati,Roma,496.0,4.0
692,and apartment big colosseum comfortable,751,monti,Roma,74.0,4.0
693,angelus room vaticanus,212,trionfale,Roma,181.0,3.0
694,juno pantheon,180,pantheon,Roma,611.0,3.0
695,amaranto guest house romano,220,stazione termini,Roma,293.0,4.0
696,hotel mozart,254,spagna,Roma,1.0,
697,rooms santerasmo,112,monti,Roma,347.0,4.0
698,hotel leone,123,stazione termini,Roma,1.0,
699,charming navona,181,navona,Roma,990.0,3.0
700,house lory,150,vaticano prati,Roma,625.0,4.0
701,gasometer suites urban,209,ostiense,Roma,1.0,4.0
702,di guest house le pietro san vie,176,vaticano prati,Roma,20.0,4.0
703,eliseo hotel,233,via veneto,Roma,873.0,
704,aventinus hotel major,128,aventino,Roma,2.0,
705,crescenzio residenza,166,vaticano prati,Roma,422.0,4.0
706,palazzo santantonio,85,aurelio,Roma,1.0,
707,affittacamere alessiacalliope,208,aurelio,Roma,461.0,3.0
708,casa fabbrini fancy suites,156,spagna,Roma,214.0,4.0
709,corso hotel mercure trieste,115,,Roma,1.0,
710,boutique holidays hotel roman,312,stazione termini,Roma,518.0,4.0
711,hotel san silvestro,357,spagna,Roma,1.0,
712,95 booking inn settembre,201,centro,Roma,489.0,4.0
713,camilla donna savelli vretreats,262,trastevere,Roma,2.0,
714,colonna hotel palace,331,pantheon,Roma,718.0,
715,flower garden hotel,177,stazione termini,Roma,1.0,
716,bonifacio house,548,aurelio,Roma,79.0,4.0
717,hotel in manfredi suite,305,spagna,Roma,382.0,
718,house roman station,231,stazione termini,Roma,673.0,4.0
719,cilicia hotel,110,san giovanni,Roma,2.0,
720,bq fori house imperiali luxury rooms,333,monti,Roma,139.0,4.0
721,central hotel mosaic,156,monti,Roma,2.0,
722,home trieste,520,,Roma,14.0,4.0
723,hotel white,322,trevi,Roma,569.0,
724,michelangelo starhotels,219,aurelio,Roma,1.0,
725,hotel luxus,315,monti,Roma,108.0,
726,celio hotel,300,colosseo,Roma,307.0,
727,deal suite,199,stazione termini,Roma,1.0,4.0
728,54 luxury margutta suites,363,spagna,Roma,278.0,4.0
729,hotel oriente,158,stazione termini,Roma,271.0,
730,hotel raganelli,116,aurelio,Roma,1.0,
731,ciao hotel,188,stazione termini,Roma,2.0,
732,piramide rooms,82,aventino,Roma,373.0,3.0
733,hotel laurentia,173,san lorenzo,Roma,2.0,
734,di la muraglia pietro san,209,vaticano prati,Roma,67.0,4.0
735,168 holiday,172,stazione termini,Roma,292.0,4.0
736,bb residence vatican,146,trionfale,Roma,53.0,4.0
737,la quiete,105,nomentano,Roma,490.0,3.0
738,colors hotel navona,262,navona,Roma,1.0,
739,hotel planet,148,stazione termini,Roma,1.0,
740,guest house marta,214,vaticano prati,Roma,306.0,4.0
741,apartment sopi suite vatican,144,vaticano prati,Roma,232.0,4.0
742,hotel hotels lorologio wtb,321,pantheon,Roma,937.0,
743,corso del hotel,223,spagna,Roma,1.0,
744,central guest house mosaic,136,monti,Roma,452.0,3.0
745,apartment luxury veneto via,320,via veneto,Roma,33.0,4.0
746,hotel virginia,107,stazione termini,Roma,2.0,
747,house minerva pantheon,331,pantheon,Roma,56.0,4.0
748,lucia tagliaferri,132,stazione termini,Roma,1.0,4.0
749,dei la principi reggia,145,stazione termini,Roma,643.0,
750,di hotel piazza spagna,231,spagna,Roma,861.0,
751,abruzzi albergo,282,pantheon,Roma,655.0,
752,84 pietro rooms san,172,vaticano prati,Roma,1.0,4.0
753,lifestyle suite veneto,189,via veneto,Roma,232.0,4.0
754,pietro san suite,265,aurelio,Roma,188.0,4.0
755,collection giustiniano nh,312,vaticano prati,Roma,1.0,
756,luxury new rooms,164,vaticano prati,Roma,295.0,4.0
757,34 campo de fiori,245,navona,Roma,1.0,4.0
758,suite vatican your,179,vaticano prati,Roma,1.0,4.0
759,brave for lovers suitesistina,255,spagna,Roma,1.0,4.0
760,at decimo meridio spanish steps,239,spagna,Roma,126.0,4.0
761,apartments petra,345,colosseo,Roma,353.0,4.0
762,republic the,316,stazione termini,Roma,1.0,
763,grand suite vatican,164,vaticano prati,Roma,847.0,3.0
764,palace,142,stazione termini,Roma,981.0,
765,affittacamere albadomus guesthouse o,250,nomentano,Roma,444.0,4.0
766,antica de dimora michaelis,154,navona,Roma,576.0,4.0
767,eur hilton la lama,172,eur,Roma,1.0,
768,hotel kolbe,266,colosseo,Roma,426.0,
769,americana hotel nardizzi,240,stazione termini,Roma,1.0,
770,2 hotel mimosa positano,173,stazione termini,Roma,27.0,
771,hotel marcantonio,180,stazione termini,Roma,1.0,
772,aires buenos hotel,165,,Roma,998.0,
773,hotel imperatori,96,tiburtino,Roma,697.0,
774,navona nice room,174,navona,Roma,567.0,3.0
775,almaìt,243,pantheon,Roma,683.0,4.0
776,casa cecilia,151,san giovanni,Roma,542.0,4.0
777,a astoria cavalieri hotel waldorf,1620,trionfale,Roma,795.0,
778,lighthouse suites trastevere,165,gianicolense,Roma,385.0,4.0
779,genio hotel,213,navona,Roma,530.0,
780,castel inn santangelo,173,vaticano prati,Roma,500.0,4.0
781,by costanza hotel hotels omnia santa,228,nomentano,Roma,462.0,
782,domus santangelo,401,navona,Roma,110.0,4.0
783,dany guest house,173,monti,Roma,1.0,4.0
784,dem hotel,162,monti,Roma,1.0,
785,fountain guest house luxury trevi,445,trevi,Roma,62.0,4.0
786,di fontana hotel relais trevi,275,trevi,Roma,1.0,
787,haven rooms vatican,117,aurelio,Roma,204.0,3.0
788,fountain guest house luxury residenza trevi tritone,313,spagna,Roma,254.0,4.0
789,annodomini,118,aurelio,Roma,1.0,4.0
790,hotel la place,289,spagna,Roma,489.0,
791,luxury rooms trastevere,181,gianicolense,Roma,229.0,4.0
792,antica cinque delle dimora lune,170,navona,Roma,1.0,
793,apartments flowers,213,navona,Roma,750.0,3.0
794,36 umiltà,740,trevi,Roma,1.0,
795,cicer one the,172,vaticano prati,Roma,477.0,4.0
796,nhow,250,via veneto,Roma,840.0,
797,evergreen,120,stazione termini,Roma,554.0,4.0
798,palazzo relais taverna,135,navona,Roma,597.0,3.0
799,guest house sangiò,208,monti,Roma,551.0,3.0
800,aventino hotel,241,aventino,Roma,1.0,
801,dve suite,146,stazione termini,Roma,517.0,4.0
802,best hotel,188,stazione termini,Roma,570.0,
803,hotels ih z3,194,,Roma,1.0,
804,rometobe,298,vaticano prati,Roma,360.0,4.0
805,hotel virgilio,163,monti,Roma,3.0,
806,gcf guest house luxury suites,272,spagna,Roma,591.0,4.0
807,amy casa di la,163,stazione termini,Roma,2.0,4.0
808,cavour guesthouse spazio,148,vaticano prati,Roma,485.0,4.0
809,affittacamere casalí,221,stazione termini,Roma,287.0,4.0
810,41 hotel trevi,210,trevi,Roma,1.0,
811,naif rooms,113,stazione termini,Roma,406.0,3.0
812,frattina residenza,210,spagna,Roma,728.0,4.0
813,hotel isabella principessa,193,via veneto,Roma,1.0,
814,88 bocca di leone parisii,375,spagna,Roma,332.0,4.0
815,argentina della hotel torre,294,pantheon,Roma,4.0,
816,guest house masterintrastevere,131,portuense,Roma,484.0,4.0
817,suitedream vatican,121,aurelio,Roma,659.0,4.0
818,del le vaticano vie,144,trionfale,Roma,130.0,4.0
819,artistes des hotel,210,stazione termini,Roma,1.0,
820,diplomatic hotel,218,vaticano prati,Roma,2.0,
821,balilla hotel,160,stazione termini,Roma,830.0,
822,gemini navona suites,157,navona,Roma,811.0,4.0
823,campo dei fiori magenta,178,pantheon,Roma,616.0,4.0
824,ad ad by luxury rooms vatican,152,vaticano prati,Roma,138.0,4.0
825,fellini hotel,169,trevi,Roma,2.0,
826,bb boutique casa fabbrini,170,spagna,Roma,330.0,4.0
827,suite tiber,103,,Roma,136.0,4.0
828,corso del home via,213,pantheon,Roma,1.0,4.0
829,hotel mf,125,,Roma,883.0,
830,warmthotel,164,fonte ostiense,Roma,2.0,
831,city guest house,110,appio latino,Roma,751.0,4.0
832,inn vatican,198,vaticano prati,Roma,728.0,3.0
833,lea luxury rooms,291,pantheon,Roma,496.0,4.0
834,r2r retreat vatican,149,vaticano prati,Roma,41.0,4.0
835,congressi dei hotel,197,eur,Roma,3.0,
836,guest house indipendenza relais,150,stazione termini,Roma,1.0,4.0
837,lupardi palazzo relais,169,navona,Roma,846.0,4.0
838,bed breakfast cenci di fontana trevi,240,trevi,Roma,993.0,4.0
839,inn luxury palace trevi,416,trevi,Roma,613.0,
840,hotel john saint,228,stazione termini,Roma,1.0,
841,imperial suites,131,aurelio,Roma,185.0,4.0
842,relais secret vatican,189,vaticano prati,Roma,520.0,3.0
843,di di hotel la lumiere piazza spagna,265,spagna,Roma,359.0,
844,aparthotel colombo,172,ostiense,Roma,2.0,
845,hotel independent the,275,stazione termini,Roma,637.0,
846,cassia hotel,228,,Roma,480.0,
847,casa cozy dream spanish step suites,325,spagna,Roma,52.0,4.0
848,biondi guest house,121,monti,Roma,962.0,4.0
849,hotel kent,150,,Roma,1.0,
850,a casa di francesca ponte romana rotto santa,226,trastevere,Roma,1.0,3.0
851,castrense domus,158,nomentano,Roma,1.0,4.0
852,apartment cipro vintage,325,trionfale,Roma,57.0,4.0
853,deuropa giardino hotel,123,appio latino,Roma,1.0,
854,apartment casa luxury violante,280,spagna,Roma,69.0,4.0
855,best blu hotel western,193,tiburtino,Roma,1.0,
856,baglioni hotel hotels leading of regina the the world,761,via veneto,Roma,1.0,
857,cenci hotel monte,311,pantheon,Roma,374.0,
858,a i mulini vento,175,vaticano prati,Roma,676.0,4.0
859,giulia vatican,143,aurelio,Roma,515.0,4.0
860,anselmo san,213,aventino,Roma,2.0,
861,apartments corso vittorio,353,navona,Roma,94.0,3.0
862,cross hotel the,283,stazione termini,Roma,3.0,
863,hotels trastevere una,289,trastevere,Roma,2.0,
864,borgonove,297,vaticano prati,Roma,428.0,3.0
865,boutique ca collection domus downtown house,171,spagna,Roma,702.0,4.0
866,hotel navona palazzo,547,pantheon,Roma,1.0,
867,collection hilton hotel house spring tapestry the vatican,262,trionfale,Roma,2.0,
868,albergo ottocento,248,via veneto,Roma,1.0,
869,kosmo luxury,179,monti,Roma,444.0,4.0
870,grand hotel palace,332,via veneto,Roma,673.0,
871,aparts,711,vaticano prati,Roma,722.0,4.0
872,home molly,183,trastevere,Roma,479.0,4.0
873,101flats apartments borsieri by,173,vaticano prati,Roma,334.0,4.0
874,hotel napoleon,256,stazione termini,Roma,456.0,
875,eudora guesthouse,226,aurelio,Roma,11.0,4.0
876,time wonderful,123,vaticano prati,Roma,1.0,4.0
877,cardilli luxury rooms,147,monti,Roma,815.0,4.0
878,amica domus,118,trionfale,Roma,435.0,
879,monti rione suites,181,monti,Roma,756.0,4.0
880,36 suite,136,vaticano prati,Roma,591.0,4.0
881,boutique campo de fiori hotel,499,navona,Roma,805.0,
882,daphne suites,163,trevi,Roma,961.0,3.0
883,suites tridente,185,spagna,Roma,913.0,4.0
884,ad2015 guest house,164,vaticano prati,Roma,542.0,4.0
885,heart of pantheon view,625,pantheon,Roma,4.0,4.0
